"tree_id","Plate_Number","Well_Coordinates","Sample_Name_Plate","Species","BC","BC.sequence","Pool","person_key_GBS","Nodes_GBS","Plot_GBS","ID_sample_correct","Treatment","locality_key","plot","tree_health","X_coordinates_latitude","X_coordinates_longitude","X_coordinates_altitude","person_key","tree_number","tree_diameter_category","tree_heigth","tree_nodes","ozone_damage_percentage","other_damages_percentage","other_damages_percentage.less_10","other_damages_percentage.10.40","other_damages_percentage.50","other_damages_percentage.50.70","other_damages_percentage.70.100","bud","branch_nodes","nodes_with_leaves","cones","cone_sex","tree_exposition","surronding_vegetation.fir","surronding_vegetation.pine","surronding_vegetation.oak","surronding_vegetation.bush","surronding_vegetation.grass","surronding_vegetation.other","reforested"
"A10","P1","C11","A10_N07P06","Abies religiosa","3D-371","AAGTGG",2,"A","7","6","A10_N07P06","forest","CX",6,"ozone","19.2924916","-99.2989653",3486.7,"A",10,"2_cm",2.4,7,"40 to 50%",NA,NA,NA,NA,NA,NA,"closed",6,4,"no",NA,"cover",1,0,0,0,0,1,"no"
"A102","P4","F9","A102_N11P37","Abies religiosa","3D-358","CTGAACT",2,"A","11","37","A102_N11P37","forest","PN",37,"ozone other","19.2838672","-99.3165321",3198.4,"A",102,"6_cm",7.5,11,"50 to 70%",NA,NA,NA,NA,NA,NA,"not_visible",8,3,"no",NA,"cover",1,0,0,0,0,1,"no"
"A115","P1","B7","A115_N12P40","Abies religiosa","3D-338","TACAGAGG",2,"A","12","40","A115_N12P40","forest","PN",40,"ozone drougth","19.2744719","-99.3070187",3479.4,"A",115,"30_cm",7.5,12,"less than 10%",NA,NA,NA,NA,NA,NA,"closed",7,5,"no",NA,"cover",0,1,0,1,1,1,"no"
"A133","P2","G2","A133_N09P46","Abies religiosa","3D-303","TACAGT",1,"A","9","46","A133_N09P46","forest","CX",46,"healthy","19.2926888","-99.295896",3522.412349,"A",133,"2_cm",3,9,NA,NA,NA,NA,NA,NA,NA,"closed",8,3,"no",NA,"cover",1,0,1,0,1,0,"no"
"A135","P1","G11","A135_N08P46","Abies religiosa","3D-375","TCGTTACAAG",2,"A","8","46","A135_N08P46","forest","CX",46,"ozone drougth other","19.2943068","-99.2963748",3468.814666,"A",135,"30_cm",10,8,"less than 10%",NA,NA,NA,NA,NA,NA,"closed",4,1,"no",NA,"cover",1,0,1,0,0,0,"no"
"A19","P3","F1","A19_N05P6","Abies religiosa","3D-294","TCCTACG",1,"A","5","6","A19_N05P06","forest","CX",6,"healthy","19.2925286","-99.298936",3481.7,"A",19,"1_cm",1,5,NA,NA,NA,NA,NA,NA,NA,"closed",2,2,"no",NA,"cover",1,0,0,0,1,0,"no"
"A22","P2","D10","A22_N09p09","Abies religiosa","3D-364","GAATGCTCT",2,"A","9","9","A22_N09P09","forest","CX",9,"healthy","19.2909322","-99.3025716",3528.5,"A",22,"6_cm",4.5,9,NA,NA,NA,NA,NA,NA,NA,"closed",7,7,"no",NA,"cover",0,0,0,1,1,0,"no"
"A34","P1","B4","A34_NNAP12","Abies religiosa","3D-314","AACGATGGT",1,"A",NA,"12","A34_NNAP12","forest","CX",12,"ozone","19.2912656","-99.3060372",3547.8,"A",34,"40_cm",38,NA,"10 to 40%",NA,NA,NA,NA,NA,NA,"closed",11,11,"yes",NA,"exposed",1,0,0,0,1,0,"no"
"A44","P1","H2","A44_N10P14","Abies religiosa","3D-304","GTCAAG",1,"A","10","14","A44_N10P14","forest","CX",14,"healthy","19.2924565","-99.306177",3487,"A",44,"2_cm",1.85,10,NA,NA,NA,NA,NA,NA,NA,"closed",6,5,"no",NA,"cover",0,0,0,1,0,1,"no"
"A82","P2","G7","A82_N15P36","Abies religiosa","3D-343","GTTCGT",2,"A","15","36","A82_N15P36","forest","PN",36,"ozone drougth other","19.2963365","-99.3189188",3137.6,"A",82,"30_cm",11.5,15,"40 to 50%",NA,NA,NA,NA,NA,NA,"closed",14,14,"no",NA,"cover",0,0,0,1,1,1,"no"
"AE01","P2","A8","AE01_N04TBE","Abies religiosa","3D-345","CCACATATTG",2,"chamber","4","chambers","AE01_N04TBE","ambient_air_IE",NA,NA,NA,NA,NA,NA,NA,NA,NA,NA,NA,NA,NA,NA,NA,NA,NA,NA,NA,NA,NA,NA,NA,NA,NA,NA,NA,NA,NA,NA,NA
"AE01","P1","E11","AE01_N04TAF","Abies religiosa","3D-373","AGGAGGT",2,"chamber","4","chambers","AE01_N04TAF","ambient_air_IE",NA,NA,NA,NA,NA,NA,NA,NA,NA,NA,NA,NA,NA,NA,NA,NA,NA,NA,NA,NA,NA,NA,NA,NA,NA,NA,NA,NA,NA,NA,NA
"AE02","P3","C2","AE02_N04TBE","Abies religiosa","3D-299","GACGAT",1,"chamber","4","chambers","AE02_N04TBE","ambient_air_IE",NA,NA,NA,NA,NA,NA,NA,NA,NA,NA,NA,NA,NA,NA,NA,NA,NA,NA,NA,NA,NA,NA,NA,NA,NA,NA,NA,NA,NA,NA,NA
"AE02","P4","D8","AE02_N04TAF","Abies religiosa","3D-348","TACGTCAGCT",2,"chamber","4","chambers","AE02_N04TAF","ambient_air_IE",NA,NA,NA,NA,NA,NA,NA,NA,NA,NA,NA,NA,NA,NA,NA,NA,NA,NA,NA,NA,NA,NA,NA,NA,NA,NA,NA,NA,NA,NA,NA
"AE05","P3","D7","AE05_N04TAF","Abies religiosa","3D-340","CGTTACTTGG",2,"chamber","4","chambers","AE05_N04TAF","ambient_air_IE",NA,NA,NA,NA,NA,NA,NA,NA,NA,NA,NA,NA,NA,NA,NA,NA,NA,NA,NA,NA,NA,NA,NA,NA,NA,NA,NA,NA,NA,NA,NA
"AE05","P1","D8","AE05_N04TBE","Abies religiosa","3D-348","TACGTCAGCT",2,"chamber","4","chambers","AE05_N04TBE","ambient_air_IE",NA,NA,NA,NA,NA,NA,NA,NA,NA,NA,NA,NA,NA,NA,NA,NA,NA,NA,NA,NA,NA,NA,NA,NA,NA,NA,NA,NA,NA,NA,NA
"AE06","P3","C3","AE06_N04TAF","Abies religiosa","3D-307","TTATAGCCG",1,"chamber","4","chambers","AE06_N04TAF","ambient_air_IE",NA,NA,NA,NA,NA,NA,NA,NA,NA,NA,NA,NA,NA,NA,NA,NA,NA,NA,NA,NA,NA,NA,NA,NA,NA,NA,NA,NA,NA,NA,NA
"AE06","P4","H1","AE06_N04TBE","Abies religiosa","3D-296","CCTGAT",1,"chamber","4","chambers","AE06_N04TBE","ambient_air_IE",NA,NA,NA,NA,NA,NA,NA,NA,NA,NA,NA,NA,NA,NA,NA,NA,NA,NA,NA,NA,NA,NA,NA,NA,NA,NA,NA,NA,NA,NA,NA
"AE08","P4","C9","AE08_N04TAF","Abies religiosa","3D-355","CGTAGCAT",2,"chamber","4","chambers","AE08_N04TAF","ambient_air_IE",NA,NA,NA,NA,NA,NA,NA,NA,NA,NA,NA,NA,NA,NA,NA,NA,NA,NA,NA,NA,NA,NA,NA,NA,NA,NA,NA,NA,NA,NA,NA
"AE08","P1","G8","AE08_N04TBE","Abies religiosa","3D-351","GCGACT",2,"chamber","4","chambers","AE08_N04TBE","ambient_air_IE",NA,NA,NA,NA,NA,NA,NA,NA,NA,NA,NA,NA,NA,NA,NA,NA,NA,NA,NA,NA,NA,NA,NA,NA,NA,NA,NA,NA,NA,NA,NA
"AE10","P2","F7","AE10_N04TBE","Abies religiosa","3D-342","TGTCCG",2,"chamber","4","chambers","AE10_N04TBE","ambient_air_IE",NA,NA,NA,NA,NA,NA,NA,NA,NA,NA,NA,NA,NA,NA,NA,NA,NA,NA,NA,NA,NA,NA,NA,NA,NA,NA,NA,NA,NA,NA,NA
"AE10","P3","F5","AE10_N04TAF","Abies religiosa","3D-326","CTGCGT",1,"chamber","4","chambers","AE10_N04TAF","ambient_air_IE",NA,NA,NA,NA,NA,NA,NA,NA,NA,NA,NA,NA,NA,NA,NA,NA,NA,NA,NA,NA,NA,NA,NA,NA,NA,NA,NA,NA,NA,NA,NA
"AE12","P1","C8","AE12_N04TAF","Abies religiosa","3D-347","GGAAGTG",2,"chamber","4","chambers","AE12_N04TAF","ambient_air_IE",NA,NA,NA,NA,NA,NA,NA,NA,NA,NA,NA,NA,NA,NA,NA,NA,NA,NA,NA,NA,NA,NA,NA,NA,NA,NA,NA,NA,NA,NA,NA
"AE12","P3","H2","AE12_N04TBE","Abies religiosa","3D-304","GTCAAG",1,"chamber","4","chambers","AE12_N04TBE","ambient_air_IE",NA,NA,NA,NA,NA,NA,NA,NA,NA,NA,NA,NA,NA,NA,NA,NA,NA,NA,NA,NA,NA,NA,NA,NA,NA,NA,NA,NA,NA,NA,NA
"AE13","P1","G2","AE13_N04TBE","Abies religiosa","3D-303","TACAGT",1,"chamber","4","chambers","AE13_N04TBE","ambient_air_IE",NA,NA,NA,NA,NA,NA,NA,NA,NA,NA,NA,NA,NA,NA,NA,NA,NA,NA,NA,NA,NA,NA,NA,NA,NA,NA,NA,NA,NA,NA,NA
"AE13","P2","G9","AE13_N04TAF","Abies religiosa","3D-359","CACACGTAT",2,"chamber","4","chambers","AE13_N04TAF","ambient_air_IE",NA,NA,NA,NA,NA,NA,NA,NA,NA,NA,NA,NA,NA,NA,NA,NA,NA,NA,NA,NA,NA,NA,NA,NA,NA,NA,NA,NA,NA,NA,NA
"AE14","P2","H6","AE14_N04TBE","Abies religiosa","3D-336","GTCGAAT",1,"chamber","4","chambers","AE14_N04TBE","ambient_air_IE",NA,NA,NA,NA,NA,NA,NA,NA,NA,NA,NA,NA,NA,NA,NA,NA,NA,NA,NA,NA,NA,NA,NA,NA,NA,NA,NA,NA,NA,NA,NA
"AE14","P1","G1","AE14_N04TAF","Abies religiosa","3D-295","AAGACG",1,"chamber","4","chambers","AE14_N04TAF","ambient_air_IE",NA,NA,NA,NA,NA,NA,NA,NA,NA,NA,NA,NA,NA,NA,NA,NA,NA,NA,NA,NA,NA,NA,NA,NA,NA,NA,NA,NA,NA,NA,NA
"AE15","P3","A12","AE15_N04TAF","Abies religiosa","3D-377","GAACTCGT",2,"chamber","4","chambers","AE15_N04TAF","ambient_air_IE",NA,NA,NA,NA,NA,NA,NA,NA,NA,NA,NA,NA,NA,NA,NA,NA,NA,NA,NA,NA,NA,NA,NA,NA,NA,NA,NA,NA,NA,NA,NA
"AE15","P3","B9","AE15_N04TBE","Abies religiosa","3D-354","TCTTATTGCG",2,"chamber","4","chambers","AE15_N04TBE","ambient_air_IE",NA,NA,NA,NA,NA,NA,NA,NA,NA,NA,NA,NA,NA,NA,NA,NA,NA,NA,NA,NA,NA,NA,NA,NA,NA,NA,NA,NA,NA,NA,NA
"AE16","P2","A12","AE16_N04TBE","Abies religiosa","3D-377","GAACTCGT",2,"chamber","4","chambers","AE16_N04TBE","ambient_air_IE",NA,NA,NA,NA,NA,NA,NA,NA,NA,NA,NA,NA,NA,NA,NA,NA,NA,NA,NA,NA,NA,NA,NA,NA,NA,NA,NA,NA,NA,NA,NA
"AE16","P3","C4","AE16_N04TAF","Abies religiosa","3D-315","AGGAAGCT",1,"chamber","4","chambers","AE16_N04TAF","ambient_air_IE",NA,NA,NA,NA,NA,NA,NA,NA,NA,NA,NA,NA,NA,NA,NA,NA,NA,NA,NA,NA,NA,NA,NA,NA,NA,NA,NA,NA,NA,NA,NA
"AE18","P3","A4","AE18_N04TBE","Abies religiosa","3D-313","ATACCG",1,"chamber","4","chambers","AE18_N04TBE","ambient_air_IE",NA,NA,NA,NA,NA,NA,NA,NA,NA,NA,NA,NA,NA,NA,NA,NA,NA,NA,NA,NA,NA,NA,NA,NA,NA,NA,NA,NA,NA,NA,NA
"AE18","P2","B9","AE18_N04TAF","Abies religiosa","3D-354","TCTTATTGCG",2,"chamber","4","chambers","AE18_N04TAF","ambient_air_IE",NA,NA,NA,NA,NA,NA,NA,NA,NA,NA,NA,NA,NA,NA,NA,NA,NA,NA,NA,NA,NA,NA,NA,NA,NA,NA,NA,NA,NA,NA,NA
"AE19","P4","D3","AE19_N04TAF","Abies religiosa","3D-308","TCTGGAGTAT",1,"chamber","4","chambers","AE19_N04TAF","ambient_air_IE",NA,NA,NA,NA,NA,NA,NA,NA,NA,NA,NA,NA,NA,NA,NA,NA,NA,NA,NA,NA,NA,NA,NA,NA,NA,NA,NA,NA,NA,NA,NA
"AE19","P2","D12","AE19_N04TBE","Abies religiosa","3D-380","ATAGACG",2,"chamber","4","chambers","AE19_N04TBE","ambient_air_IE",NA,NA,NA,NA,NA,NA,NA,NA,NA,NA,NA,NA,NA,NA,NA,NA,NA,NA,NA,NA,NA,NA,NA,NA,NA,NA,NA,NA,NA,NA,NA
"AE22","P2","D8","AE22_N04TBE","Abies religiosa","3D-348","TACGTCAGCT",2,"chamber","4","chambers","AE22_N04TBE","ambient_air_IE",NA,NA,NA,NA,NA,NA,NA,NA,NA,NA,NA,NA,NA,NA,NA,NA,NA,NA,NA,NA,NA,NA,NA,NA,NA,NA,NA,NA,NA,NA,NA
"AE22","P4","G1","AE22_N04TAF","Abies religiosa","3D-295","AAGACG",1,"chamber","4","chambers","AE22_N04TAF","ambient_air_IE",NA,NA,NA,NA,NA,NA,NA,NA,NA,NA,NA,NA,NA,NA,NA,NA,NA,NA,NA,NA,NA,NA,NA,NA,NA,NA,NA,NA,NA,NA,NA
"AE23","P3","E4","AE23_N04TAF","Abies religiosa","3D-317","TTGCTCCT",1,"chamber","4","chambers","AE23_N04TAF","ambient_air_IE",NA,NA,NA,NA,NA,NA,NA,NA,NA,NA,NA,NA,NA,NA,NA,NA,NA,NA,NA,NA,NA,NA,NA,NA,NA,NA,NA,NA,NA,NA,NA
"AE23","P4","E12","AE23_N04TBE","Abies religiosa","3D-381","AGTCACTG",2,"chamber","4","chambers","AE23_N04TBE","ambient_air_IE",NA,NA,NA,NA,NA,NA,NA,NA,NA,NA,NA,NA,NA,NA,NA,NA,NA,NA,NA,NA,NA,NA,NA,NA,NA,NA,NA,NA,NA,NA,NA
"AE24","P2","C9","AE24_N04TAF","Abies religiosa","3D-355","CGTAGCAT",2,"chamber","4","chambers","AE24_N04TAF","ambient_air_IE",NA,NA,NA,NA,NA,NA,NA,NA,NA,NA,NA,NA,NA,NA,NA,NA,NA,NA,NA,NA,NA,NA,NA,NA,NA,NA,NA,NA,NA,NA,NA
"AE24","P3","E3","AE24_N04TBE","Abies religiosa","3D-309","CGTGTTGT",1,"chamber","4","chambers","AE24_N04TBE","ambient_air_IE",NA,NA,NA,NA,NA,NA,NA,NA,NA,NA,NA,NA,NA,NA,NA,NA,NA,NA,NA,NA,NA,NA,NA,NA,NA,NA,NA,NA,NA,NA,NA
"AE25","P1","G3","AE25_N04TAF","Abies religiosa","3D-311","GAATATCAGG",1,"chamber","4","chambers","AE25_N04TAF","ambient_air_IE",NA,NA,NA,NA,NA,NA,NA,NA,NA,NA,NA,NA,NA,NA,NA,NA,NA,NA,NA,NA,NA,NA,NA,NA,NA,NA,NA,NA,NA,NA,NA
"AE25","P3","F8","AE25_N04TBE","Abies religiosa","3D-350","CAATACG",2,"chamber","4","chambers","AE25_N04TBE","ambient_air_IE",NA,NA,NA,NA,NA,NA,NA,NA,NA,NA,NA,NA,NA,NA,NA,NA,NA,NA,NA,NA,NA,NA,NA,NA,NA,NA,NA,NA,NA,NA,NA
"AE28","P1","A7","AE28_N04TBE","Abies religiosa","3D-337","GTTCCG",2,"chamber","4","chambers","AE28_N04TBE","ambient_air_IE",NA,NA,NA,NA,NA,NA,NA,NA,NA,NA,NA,NA,NA,NA,NA,NA,NA,NA,NA,NA,NA,NA,NA,NA,NA,NA,NA,NA,NA,NA,NA
"AE28","P3","G2","AE28_N04TAF","Abies religiosa","3D-303","TACAGT",1,"chamber","4","chambers","AE28_N04TAF","ambient_air_IE",NA,NA,NA,NA,NA,NA,NA,NA,NA,NA,NA,NA,NA,NA,NA,NA,NA,NA,NA,NA,NA,NA,NA,NA,NA,NA,NA,NA,NA,NA,NA
"AE29","P1","A4","AE29_N04TBE","Abies religiosa","3D-313","ATACCG",1,"chamber","4","chambers","AE29_N04TBE","ambient_air_IE",NA,NA,NA,NA,NA,NA,NA,NA,NA,NA,NA,NA,NA,NA,NA,NA,NA,NA,NA,NA,NA,NA,NA,NA,NA,NA,NA,NA,NA,NA,NA
"AE29","P2","D11","AE29_N04TAF","Abies religiosa","3D-372","AGCTCAT",2,"chamber","4","chambers","AE29_N04TAF","ambient_air_IE",NA,NA,NA,NA,NA,NA,NA,NA,NA,NA,NA,NA,NA,NA,NA,NA,NA,NA,NA,NA,NA,NA,NA,NA,NA,NA,NA,NA,NA,NA,NA
"AMP01","P3","F10","AMP01_NNAPNA","Abies religiosa","3D-366","CGTAGAT",2,"mother",NA,NA,"AMP01_NNAPNA","actual_mother",NA,NA,NA,NA,NA,NA,NA,NA,NA,NA,NA,NA,NA,NA,NA,NA,NA,NA,NA,NA,NA,NA,NA,NA,NA,NA,NA,NA,NA,NA,NA
"AMP02","P3","A3","AMP02_NNAPNA","Abies religiosa","3D-305","ATGTGT",1,"mother",NA,NA,"AMP02_NNAPNA","actual_mother",NA,NA,NA,NA,NA,NA,NA,NA,NA,NA,NA,NA,NA,NA,NA,NA,NA,NA,NA,NA,NA,NA,NA,NA,NA,NA,NA,NA,NA,NA,NA
"AMP03","P2","D3","AMP03_NNAPNA","Abies religiosa","3D-308","TCTGGAGTAT",1,"mother",NA,NA,"AMP03_NNAPNA","actual_mother",NA,NA,NA,NA,NA,NA,NA,NA,NA,NA,NA,NA,NA,NA,NA,NA,NA,NA,NA,NA,NA,NA,NA,NA,NA,NA,NA,NA,NA,NA,NA
"AMP04","P2","D1","AMP04_NNAPNA","Abies religiosa","3D-292","TACTCCGT",1,"mother",NA,NA,"AMP04_NNAPNA","actual_mother",NA,NA,NA,NA,NA,NA,NA,NA,NA,NA,NA,NA,NA,NA,NA,NA,NA,NA,NA,NA,NA,NA,NA,NA,NA,NA,NA,NA,NA,NA,NA
"AMP05","P1","C12","AMP05_NNAPNA","Abies religiosa","3D-379","CCTACTATGT",2,"mother",NA,NA,"AMP05_NNAPNA","actual_mother",NA,NA,NA,NA,NA,NA,NA,NA,NA,NA,NA,NA,NA,NA,NA,NA,NA,NA,NA,NA,NA,NA,NA,NA,NA,NA,NA,NA,NA,NA,NA
"AMP06","P3","A7","AMP06_NNAPNA","Abies religiosa","3D-337","GTTCCG",2,"mother",NA,NA,"AMP06_NNAPNA","actual_mother",NA,NA,NA,NA,NA,NA,NA,NA,NA,NA,NA,NA,NA,NA,NA,NA,NA,NA,NA,NA,NA,NA,NA,NA,NA,NA,NA,NA,NA,NA,NA
"AMP07","P2","G3","AMP07_NNAPNA","Abies religiosa","3D-311","GAATATCAGG",1,"mother",NA,NA,"AMP07_NNAPNA","actual_mother",NA,NA,NA,NA,NA,NA,NA,NA,NA,NA,NA,NA,NA,NA,NA,NA,NA,NA,NA,NA,NA,NA,NA,NA,NA,NA,NA,NA,NA,NA,NA
"AMP08","P2","H12","AMP08_NNAPNA","Abies religiosa","3D-384","ACAGTTG",2,"mother",NA,NA,"AMP08_NNAPNA","actual_mother",NA,NA,NA,NA,NA,NA,NA,NA,NA,NA,NA,NA,NA,NA,NA,NA,NA,NA,NA,NA,NA,NA,NA,NA,NA,NA,NA,NA,NA,NA,NA
"AP01","P1","H3","AP01_N04TAF","Abies religiosa","3D-312","ACAATCGAG",1,"chamber","4","chambers","AP01_N04TAF","purified_air",NA,NA,NA,NA,NA,NA,NA,NA,NA,NA,NA,NA,NA,NA,NA,NA,NA,NA,NA,NA,NA,NA,NA,NA,NA,NA,NA,NA,NA,NA,NA
"AP01","P3","D1","AP01_N04TBE","Abies religiosa","3D-292","TACTCCGT",1,"chamber","4","chambers","AP01_N04TBE","purified_air",NA,NA,NA,NA,NA,NA,NA,NA,NA,NA,NA,NA,NA,NA,NA,NA,NA,NA,NA,NA,NA,NA,NA,NA,NA,NA,NA,NA,NA,NA,NA
"AP01r","P1","C5","AP01r_N04TAF","Abies religiosa","3D-323","TCGGATATCT",1,"chamber","4","chambers","AP01r_N04TAF","purified_air",NA,NA,NA,NA,NA,NA,NA,NA,NA,NA,NA,NA,NA,NA,NA,NA,NA,NA,NA,NA,NA,NA,NA,NA,NA,NA,NA,NA,NA,NA,NA
"AP02","P4","B7","AP02_N04TBE","Abies religiosa","3D-338","TACAGAGG",2,"chamber","4","chambers","AP02_N04TBE","purified_air",NA,NA,NA,NA,NA,NA,NA,NA,NA,NA,NA,NA,NA,NA,NA,NA,NA,NA,NA,NA,NA,NA,NA,NA,NA,NA,NA,NA,NA,NA,NA
"AP02","P1","G4","AP02_N04TAF","Abies religiosa","3D-319","TACCAGG",1,"chamber","4","chambers","AP02_N04TAF","purified_air",NA,NA,NA,NA,NA,NA,NA,NA,NA,NA,NA,NA,NA,NA,NA,NA,NA,NA,NA,NA,NA,NA,NA,NA,NA,NA,NA,NA,NA,NA,NA
"AP03","P1","C10","AP03_N04TAF","Abies religiosa","3D-363","GCTGAAT",2,"chamber","4","chambers","AP03_N04TAF","purified_air",NA,NA,NA,NA,NA,NA,NA,NA,NA,NA,NA,NA,NA,NA,NA,NA,NA,NA,NA,NA,NA,NA,NA,NA,NA,NA,NA,NA,NA,NA,NA
"AP03","P4","F12","AP03_N04TBE","Abies religiosa","3D-382","TTCGAGGAT",2,"chamber","4","chambers","AP03_N04TBE","purified_air",NA,NA,NA,NA,NA,NA,NA,NA,NA,NA,NA,NA,NA,NA,NA,NA,NA,NA,NA,NA,NA,NA,NA,NA,NA,NA,NA,NA,NA,NA,NA
"AP05","P1","C6","AP05_N04TBE","Abies religiosa","3D-331","ACGGAGT",1,"chamber","4","chambers","AP05_N04TBE","purified_air",NA,NA,NA,NA,NA,NA,NA,NA,NA,NA,NA,NA,NA,NA,NA,NA,NA,NA,NA,NA,NA,NA,NA,NA,NA,NA,NA,NA,NA,NA,NA
"AP05","P2","A7","AP05_N04TAF","Abies religiosa","3D-337","GTTCCG",2,"chamber","4","chambers","AP05_N04TAF","purified_air",NA,NA,NA,NA,NA,NA,NA,NA,NA,NA,NA,NA,NA,NA,NA,NA,NA,NA,NA,NA,NA,NA,NA,NA,NA,NA,NA,NA,NA,NA,NA
"AP09","P1","A5","AP09_N04TAF","Abies religiosa","3D-321","TGAAGG",1,"chamber","4","chambers","AP09_N04TAF","purified_air",NA,NA,NA,NA,NA,NA,NA,NA,NA,NA,NA,NA,NA,NA,NA,NA,NA,NA,NA,NA,NA,NA,NA,NA,NA,NA,NA,NA,NA,NA,NA
"AP09","P2","E10","AP09_N04TBE","Abies religiosa","3D-365","TGGCTCAAT",2,"chamber","4","chambers","AP09_N04TBE","purified_air",NA,NA,NA,NA,NA,NA,NA,NA,NA,NA,NA,NA,NA,NA,NA,NA,NA,NA,NA,NA,NA,NA,NA,NA,NA,NA,NA,NA,NA,NA,NA
"AP10","P2","A3","AP10_N04TAF","Abies religiosa","3D-305","ATGTGT",1,"chamber","4","chambers","AP10_N04TAF","purified_air",NA,NA,NA,NA,NA,NA,NA,NA,NA,NA,NA,NA,NA,NA,NA,NA,NA,NA,NA,NA,NA,NA,NA,NA,NA,NA,NA,NA,NA,NA,NA
"AP10","P2","E7","AP10_N04TBE","Abies religiosa","3D-341","CTTGTG",2,"chamber","4","chambers","AP10_N04TBE","purified_air",NA,NA,NA,NA,NA,NA,NA,NA,NA,NA,NA,NA,NA,NA,NA,NA,NA,NA,NA,NA,NA,NA,NA,NA,NA,NA,NA,NA,NA,NA,NA
"AP11","P3","B10","AP11_N04TAF","Abies religiosa","3D-362","ATTCGGT",2,"chamber","4","chambers","AP11_N04TAF","purified_air",NA,NA,NA,NA,NA,NA,NA,NA,NA,NA,NA,NA,NA,NA,NA,NA,NA,NA,NA,NA,NA,NA,NA,NA,NA,NA,NA,NA,NA,NA,NA
"AP11","P2","G4","AP11_N04TBE","Abies religiosa","3D-319","TACCAGG",1,"chamber","4","chambers","AP11_N04TBE","purified_air",NA,NA,NA,NA,NA,NA,NA,NA,NA,NA,NA,NA,NA,NA,NA,NA,NA,NA,NA,NA,NA,NA,NA,NA,NA,NA,NA,NA,NA,NA,NA
"AP12","P2","C8","AP12_N04TAF","Abies religiosa","3D-347","GGAAGTG",2,"chamber","4","chambers","AP12_N04TAF","purified_air",NA,NA,NA,NA,NA,NA,NA,NA,NA,NA,NA,NA,NA,NA,NA,NA,NA,NA,NA,NA,NA,NA,NA,NA,NA,NA,NA,NA,NA,NA,NA
"AP12","P4","D10","AP12_N04TBE","Abies religiosa","3D-364","GAATGCTCT",2,"chamber","4","chambers","AP12_N04TBE","purified_air",NA,NA,NA,NA,NA,NA,NA,NA,NA,NA,NA,NA,NA,NA,NA,NA,NA,NA,NA,NA,NA,NA,NA,NA,NA,NA,NA,NA,NA,NA,NA
"AP13","P1","E2","AP13_N04TBE","Abies religiosa","3D-301","AACAGG",1,"chamber","4","chambers","AP13_N04TBE","purified_air",NA,NA,NA,NA,NA,NA,NA,NA,NA,NA,NA,NA,NA,NA,NA,NA,NA,NA,NA,NA,NA,NA,NA,NA,NA,NA,NA,NA,NA,NA,NA
"AP13","P1","H12","AP13_N04TAF","Abies religiosa","3D-384","ACAGTTG",2,"chamber","4","chambers","AP13_N04TAF","purified_air",NA,NA,NA,NA,NA,NA,NA,NA,NA,NA,NA,NA,NA,NA,NA,NA,NA,NA,NA,NA,NA,NA,NA,NA,NA,NA,NA,NA,NA,NA,NA
"AP14","P1","H6","AP14_N04TAF","Abies religiosa","3D-336","GTCGAAT",1,"chamber","4","chambers","AP14_N04TAF","purified_air",NA,NA,NA,NA,NA,NA,NA,NA,NA,NA,NA,NA,NA,NA,NA,NA,NA,NA,NA,NA,NA,NA,NA,NA,NA,NA,NA,NA,NA,NA,NA
"AP14","P4","C2","AP14_N04TBE","Abies religiosa","3D-299","GACGAT",1,"chamber","4","chambers","AP14_N04TBE","purified_air",NA,NA,NA,NA,NA,NA,NA,NA,NA,NA,NA,NA,NA,NA,NA,NA,NA,NA,NA,NA,NA,NA,NA,NA,NA,NA,NA,NA,NA,NA,NA
"AP16","P3","A5","AP16_N04TBE","Abies religiosa","3D-321","TGAAGG",1,"chamber","4","chambers","AP16_N04TBE","purified_air",NA,NA,NA,NA,NA,NA,NA,NA,NA,NA,NA,NA,NA,NA,NA,NA,NA,NA,NA,NA,NA,NA,NA,NA,NA,NA,NA,NA,NA,NA,NA
"AP16","P2","C7","AP16_N04TAF","Abies religiosa","3D-339","ACGAAG",2,"chamber","4","chambers","AP16_N04TAF","purified_air",NA,NA,NA,NA,NA,NA,NA,NA,NA,NA,NA,NA,NA,NA,NA,NA,NA,NA,NA,NA,NA,NA,NA,NA,NA,NA,NA,NA,NA,NA,NA
"AP17","P2","A11","AP17_N04TAF","Abies religiosa","3D-369","CAGCATG",2,"chamber","4","chambers","AP17_N04TAF","purified_air",NA,NA,NA,NA,NA,NA,NA,NA,NA,NA,NA,NA,NA,NA,NA,NA,NA,NA,NA,NA,NA,NA,NA,NA,NA,NA,NA,NA,NA,NA,NA
"AP17","P3","D10","AP17_N04TBE","Abies religiosa","3D-364","GAATGCTCT",2,"chamber","4","chambers","AP17_N04TBE","purified_air",NA,NA,NA,NA,NA,NA,NA,NA,NA,NA,NA,NA,NA,NA,NA,NA,NA,NA,NA,NA,NA,NA,NA,NA,NA,NA,NA,NA,NA,NA,NA
"AP20","P2","C4","AP20_N04TBE","Abies religiosa","3D-315","AGGAAGCT",1,"chamber","4","chambers","AP20_N04TBE","purified_air",NA,NA,NA,NA,NA,NA,NA,NA,NA,NA,NA,NA,NA,NA,NA,NA,NA,NA,NA,NA,NA,NA,NA,NA,NA,NA,NA,NA,NA,NA,NA
"AP20","P2","G8","AP20_N04TAF","Abies religiosa","3D-351","GCGACT",2,"chamber","4","chambers","AP20_N04TAF","purified_air",NA,NA,NA,NA,NA,NA,NA,NA,NA,NA,NA,NA,NA,NA,NA,NA,NA,NA,NA,NA,NA,NA,NA,NA,NA,NA,NA,NA,NA,NA,NA
"AP22","P2","B1","AP22_N04TAF","Abies religiosa","3D-290","TACTTGGAG",1,"chamber","4","chambers","AP22_N04TAF","purified_air",NA,NA,NA,NA,NA,NA,NA,NA,NA,NA,NA,NA,NA,NA,NA,NA,NA,NA,NA,NA,NA,NA,NA,NA,NA,NA,NA,NA,NA,NA,NA
"AP22","P2","B4","AP22_N04TBE","Abies religiosa","3D-314","AACGATGGT",1,"chamber","4","chambers","AP22_N04TBE","purified_air",NA,NA,NA,NA,NA,NA,NA,NA,NA,NA,NA,NA,NA,NA,NA,NA,NA,NA,NA,NA,NA,NA,NA,NA,NA,NA,NA,NA,NA,NA,NA
"AP25","P1","A11","AP25_N04TAF","Abies religiosa","3D-369","CAGCATG",2,"chamber","4","chambers","AP25_N04TAF","purified_air",NA,NA,NA,NA,NA,NA,NA,NA,NA,NA,NA,NA,NA,NA,NA,NA,NA,NA,NA,NA,NA,NA,NA,NA,NA,NA,NA,NA,NA,NA,NA
"AP25","P3","D3","AP25_N04TBE","Abies religiosa","3D-308","TCTGGAGTAT",1,"chamber","4","chambers","AP25_N04TBE","purified_air",NA,NA,NA,NA,NA,NA,NA,NA,NA,NA,NA,NA,NA,NA,NA,NA,NA,NA,NA,NA,NA,NA,NA,NA,NA,NA,NA,NA,NA,NA,NA
"AP26","P2","F3","AP26_N04TBE","Abies religiosa","3D-310","TGCACTTG",1,"chamber","4","chambers","AP26_N04TBE","purified_air",NA,NA,NA,NA,NA,NA,NA,NA,NA,NA,NA,NA,NA,NA,NA,NA,NA,NA,NA,NA,NA,NA,NA,NA,NA,NA,NA,NA,NA,NA,NA
"AP26","P2","A4","AP26_N04TAF","Abies religiosa","3D-313","ATACCG",1,"chamber","4","chambers","AP26_N04TAF","purified_air",NA,NA,NA,NA,NA,NA,NA,NA,NA,NA,NA,NA,NA,NA,NA,NA,NA,NA,NA,NA,NA,NA,NA,NA,NA,NA,NA,NA,NA,NA,NA
"AP27","P4","F8","AP27_N04TAF","Abies religiosa","3D-350","CAATACG",2,"chamber","4","chambers","AP27_N04TAF","purified_air",NA,NA,NA,NA,NA,NA,NA,NA,NA,NA,NA,NA,NA,NA,NA,NA,NA,NA,NA,NA,NA,NA,NA,NA,NA,NA,NA,NA,NA,NA,NA
"AP27","P1","H7","AP27_N04TBE","Abies religiosa","3D-344","TACGTGCGAT",2,"chamber","4","chambers","AP27_N04TBE","purified_air",NA,NA,NA,NA,NA,NA,NA,NA,NA,NA,NA,NA,NA,NA,NA,NA,NA,NA,NA,NA,NA,NA,NA,NA,NA,NA,NA,NA,NA,NA,NA
"AP29","P4","B3","AP29_N04TAF","Abies religiosa","3D-306","CCATGT",1,"chamber","4","chambers","AP29_N04TAF","purified_air",NA,NA,NA,NA,NA,NA,NA,NA,NA,NA,NA,NA,NA,NA,NA,NA,NA,NA,NA,NA,NA,NA,NA,NA,NA,NA,NA,NA,NA,NA,NA
"AP29","P3","H11","AP29_N04TBE","Abies religiosa","3D-376","TTGAGT",2,"chamber","4","chambers","AP29_N04TBE","purified_air",NA,NA,NA,NA,NA,NA,NA,NA,NA,NA,NA,NA,NA,NA,NA,NA,NA,NA,NA,NA,NA,NA,NA,NA,NA,NA,NA,NA,NA,NA,NA
"AP30","P1","C3","AP30_N04TBE","Abies religiosa","3D-307","TTATAGCCG",1,"chamber","4","chambers","AP30_N04TBE","purified_air",NA,NA,NA,NA,NA,NA,NA,NA,NA,NA,NA,NA,NA,NA,NA,NA,NA,NA,NA,NA,NA,NA,NA,NA,NA,NA,NA,NA,NA,NA,NA
"AP30","P4","G8","AP30_N04TAF","Abies religiosa","3D-351","GCGACT",2,"chamber","4","chambers","AP30_N04TAF","purified_air",NA,NA,NA,NA,NA,NA,NA,NA,NA,NA,NA,NA,NA,NA,NA,NA,NA,NA,NA,NA,NA,NA,NA,NA,NA,NA,NA,NA,NA,NA,NA
"AX03","P3","A10","AX03_N04TBE","Abies religiosa","3D-361","GTCACGCCAT",2,"chamber","4","chambers","AX03_N04TBE","ambient_air_SRX",NA,NA,NA,NA,NA,NA,NA,NA,NA,NA,NA,NA,NA,NA,NA,NA,NA,NA,NA,NA,NA,NA,NA,NA,NA,NA,NA,NA,NA,NA,NA
"AX03","P1","E1","AX03_N04TAF","Abies religiosa","3D-293","GAACGTTAG",1,"chamber","4","chambers","AX03_N04TAF","ambient_air_SRX",NA,NA,NA,NA,NA,NA,NA,NA,NA,NA,NA,NA,NA,NA,NA,NA,NA,NA,NA,NA,NA,NA,NA,NA,NA,NA,NA,NA,NA,NA,NA
"AX05","P2","G12","AX05_N04TBE","Abies religiosa","3D-383","TCATAGG",2,"chamber","4","chambers","AX05_N04TBE","ambient_air_SRX",NA,NA,NA,NA,NA,NA,NA,NA,NA,NA,NA,NA,NA,NA,NA,NA,NA,NA,NA,NA,NA,NA,NA,NA,NA,NA,NA,NA,NA,NA,NA
"AX05","P4","F7","AX05_N04TAF","Abies religiosa","3D-342","TGTCCG",2,"chamber","4","chambers","AX05_N04TAF","ambient_air_SRX",NA,NA,NA,NA,NA,NA,NA,NA,NA,NA,NA,NA,NA,NA,NA,NA,NA,NA,NA,NA,NA,NA,NA,NA,NA,NA,NA,NA,NA,NA,NA
"AX07","P2","G11","AX07_N04TAF","Abies religiosa","3D-375","TCGTTACAAG",2,"chamber","4","chambers","AX07_N04TAF","ambient_air_SRX",NA,NA,NA,NA,NA,NA,NA,NA,NA,NA,NA,NA,NA,NA,NA,NA,NA,NA,NA,NA,NA,NA,NA,NA,NA,NA,NA,NA,NA,NA,NA
"AX07","P4","H9","AX07_N04TBE","Abies religiosa","3D-360","ATCCAAGCG",2,"chamber","4","chambers","AX07_N04TBE","ambient_air_SRX",NA,NA,NA,NA,NA,NA,NA,NA,NA,NA,NA,NA,NA,NA,NA,NA,NA,NA,NA,NA,NA,NA,NA,NA,NA,NA,NA,NA,NA,NA,NA
"AX07r","P2","F9","AX07r_N04TAF","Abies religiosa","3D-358","CTGAACT",2,"chamber","4","chambers","AX07r_N04TAF","ambient_air_SRX",NA,NA,NA,NA,NA,NA,NA,NA,NA,NA,NA,NA,NA,NA,NA,NA,NA,NA,NA,NA,NA,NA,NA,NA,NA,NA,NA,NA,NA,NA,NA
"AX08","P3","A11","AX08_N04TAF","Abies religiosa","3D-369","CAGCATG",2,"chamber","4","chambers","AX08_N04TAF","ambient_air_SRX",NA,NA,NA,NA,NA,NA,NA,NA,NA,NA,NA,NA,NA,NA,NA,NA,NA,NA,NA,NA,NA,NA,NA,NA,NA,NA,NA,NA,NA,NA,NA
"AX08","P4","G4","AX08_N04TBE","Abies religiosa","3D-319","TACCAGG",1,"chamber","4","chambers","AX08_N04TBE","ambient_air_SRX",NA,NA,NA,NA,NA,NA,NA,NA,NA,NA,NA,NA,NA,NA,NA,NA,NA,NA,NA,NA,NA,NA,NA,NA,NA,NA,NA,NA,NA,NA,NA
"AX09","P1","B2","AX09_N04TAF","Abies religiosa","3D-298","CATAGT",1,"chamber","4","chambers","AX09_N04TAF","ambient_air_SRX",NA,NA,NA,NA,NA,NA,NA,NA,NA,NA,NA,NA,NA,NA,NA,NA,NA,NA,NA,NA,NA,NA,NA,NA,NA,NA,NA,NA,NA,NA,NA
"AX09","P2","C10","AX09_N04TBE","Abies religiosa","3D-363","GCTGAAT",2,"chamber","4","chambers","AX09_N04TBE","ambient_air_SRX",NA,NA,NA,NA,NA,NA,NA,NA,NA,NA,NA,NA,NA,NA,NA,NA,NA,NA,NA,NA,NA,NA,NA,NA,NA,NA,NA,NA,NA,NA,NA
"AX10","P4","D5","AX10_N04TBE","Abies religiosa","3D-324","CTTAGAG",1,"chamber","4","chambers","AX10_N04TBE","ambient_air_SRX",NA,NA,NA,NA,NA,NA,NA,NA,NA,NA,NA,NA,NA,NA,NA,NA,NA,NA,NA,NA,NA,NA,NA,NA,NA,NA,NA,NA,NA,NA,NA
"AX10","P4","E4","AX10_N04TAF","Abies religiosa","3D-317","TTGCTCCT",1,"chamber","4","chambers","AX10_N04TAF","ambient_air_SRX",NA,NA,NA,NA,NA,NA,NA,NA,NA,NA,NA,NA,NA,NA,NA,NA,NA,NA,NA,NA,NA,NA,NA,NA,NA,NA,NA,NA,NA,NA,NA
"AX12","P3","B12","AX12_N04TBE","Abies religiosa","3D-378","GCCTTAGCCT",2,"chamber","4","chambers","AX12_N04TBE","ambient_air_SRX",NA,NA,NA,NA,NA,NA,NA,NA,NA,NA,NA,NA,NA,NA,NA,NA,NA,NA,NA,NA,NA,NA,NA,NA,NA,NA,NA,NA,NA,NA,NA
"AX12","P3","C7","AX12_N04TAF","Abies religiosa","3D-339","ACGAAG",2,"chamber","4","chambers","AX12_N04TAF","ambient_air_SRX",NA,NA,NA,NA,NA,NA,NA,NA,NA,NA,NA,NA,NA,NA,NA,NA,NA,NA,NA,NA,NA,NA,NA,NA,NA,NA,NA,NA,NA,NA,NA
"AX13","P4","B6","AX13_N04TBE","Abies religiosa","3D-330","TGGTTACG",1,"chamber","4","chambers","AX13_N04TBE","ambient_air_SRX",NA,NA,NA,NA,NA,NA,NA,NA,NA,NA,NA,NA,NA,NA,NA,NA,NA,NA,NA,NA,NA,NA,NA,NA,NA,NA,NA,NA,NA,NA,NA
"AX13","P1","F3","AX13_N04TAF","Abies religiosa","3D-310","TGCACTTG",1,"chamber","4","chambers","AX13_N04TAF","ambient_air_SRX",NA,NA,NA,NA,NA,NA,NA,NA,NA,NA,NA,NA,NA,NA,NA,NA,NA,NA,NA,NA,NA,NA,NA,NA,NA,NA,NA,NA,NA,NA,NA
"AX14","P3","F6","AX14_N04TAF","Abies religiosa","3D-334","GCGTTGAT",1,"chamber","4","chambers","AX14_N04TAF","ambient_air_SRX",NA,NA,NA,NA,NA,NA,NA,NA,NA,NA,NA,NA,NA,NA,NA,NA,NA,NA,NA,NA,NA,NA,NA,NA,NA,NA,NA,NA,NA,NA,NA
"AX14","P1","E3","AX14_N04TBE","Abies religiosa","3D-309","CGTGTTGT",1,"chamber","4","chambers","AX14_N04TBE","ambient_air_SRX",NA,NA,NA,NA,NA,NA,NA,NA,NA,NA,NA,NA,NA,NA,NA,NA,NA,NA,NA,NA,NA,NA,NA,NA,NA,NA,NA,NA,NA,NA,NA
"AX15","P2","B12","AX15_N04TBE","Abies religiosa","3D-378","GCCTTAGCCT",2,"chamber","4","chambers","AX15_N04TBE","ambient_air_SRX",NA,NA,NA,NA,NA,NA,NA,NA,NA,NA,NA,NA,NA,NA,NA,NA,NA,NA,NA,NA,NA,NA,NA,NA,NA,NA,NA,NA,NA,NA,NA
"AX15","P1","F6","AX15_N04TAF","Abies religiosa","3D-334","GCGTTGAT",1,"chamber","4","chambers","AX15_N04TAF","ambient_air_SRX",NA,NA,NA,NA,NA,NA,NA,NA,NA,NA,NA,NA,NA,NA,NA,NA,NA,NA,NA,NA,NA,NA,NA,NA,NA,NA,NA,NA,NA,NA,NA
"AX16","P2","B5","AX16_N04TBE","Abies religiosa","3D-322","CTAACAACGT",1,"chamber","4","chambers","AX16_N04TBE","ambient_air_SRX",NA,NA,NA,NA,NA,NA,NA,NA,NA,NA,NA,NA,NA,NA,NA,NA,NA,NA,NA,NA,NA,NA,NA,NA,NA,NA,NA,NA,NA,NA,NA
"AX16","P2","H9","AX16_N04TAF","Abies religiosa","3D-360","ATCCAAGCG",2,"chamber","4","chambers","AX16_N04TAF","ambient_air_SRX",NA,NA,NA,NA,NA,NA,NA,NA,NA,NA,NA,NA,NA,NA,NA,NA,NA,NA,NA,NA,NA,NA,NA,NA,NA,NA,NA,NA,NA,NA,NA
"AX17","P4","A7","AX00_N04TAF","Abies religiosa","3D-337","GTTCCG",2,"chamber","4","chambers","AX17_N04TAF","ambient_air_SRX",NA,NA,NA,NA,NA,NA,NA,NA,NA,NA,NA,NA,NA,NA,NA,NA,NA,NA,NA,NA,NA,NA,NA,NA,NA,NA,NA,NA,NA,NA,NA
"AX17","P1","E12","AX00_N04TBE","Abies religiosa","3D-381","AGTCACTG",2,"chamber","4","chambers","AX17_N04TBE","ambient_air_SRX",NA,NA,NA,NA,NA,NA,NA,NA,NA,NA,NA,NA,NA,NA,NA,NA,NA,NA,NA,NA,NA,NA,NA,NA,NA,NA,NA,NA,NA,NA,NA
"AX19","P2","E11","AX19_N04TAF","Abies religiosa","3D-373","AGGAGGT",2,"chamber","4","chambers","AX19_N04TAF","ambient_air_SRX",NA,NA,NA,NA,NA,NA,NA,NA,NA,NA,NA,NA,NA,NA,NA,NA,NA,NA,NA,NA,NA,NA,NA,NA,NA,NA,NA,NA,NA,NA,NA
"AX19","P4","E2","AX19_N04TBE","Abies religiosa","3D-301","AACAGG",1,"chamber","4","chambers","AX19_N04TBE","ambient_air_SRX",NA,NA,NA,NA,NA,NA,NA,NA,NA,NA,NA,NA,NA,NA,NA,NA,NA,NA,NA,NA,NA,NA,NA,NA,NA,NA,NA,NA,NA,NA,NA
"AX21","P4","C12","AX21_N04TBE","Abies religiosa","3D-379","CCTACTATGT",2,"chamber","4","chambers","AX21_N04TBE","ambient_air_SRX",NA,NA,NA,NA,NA,NA,NA,NA,NA,NA,NA,NA,NA,NA,NA,NA,NA,NA,NA,NA,NA,NA,NA,NA,NA,NA,NA,NA,NA,NA,NA
"AX21","P4","H12","AX21_N04TAF","Abies religiosa","3D-384","ACAGTTG",2,"chamber","4","chambers","AX21_N04TAF","ambient_air_SRX",NA,NA,NA,NA,NA,NA,NA,NA,NA,NA,NA,NA,NA,NA,NA,NA,NA,NA,NA,NA,NA,NA,NA,NA,NA,NA,NA,NA,NA,NA,NA
"AX22","P3","B6","AX22_N04TBE","Abies religiosa","3D-330","TGGTTACG",1,"chamber","4","chambers","AX22_N04TBE","ambient_air_SRX",NA,NA,NA,NA,NA,NA,NA,NA,NA,NA,NA,NA,NA,NA,NA,NA,NA,NA,NA,NA,NA,NA,NA,NA,NA,NA,NA,NA,NA,NA,NA
"AX22","P3","C11","AX22_N04TAF","Abies religiosa","3D-371","AAGTGG",2,"chamber","4","chambers","AX22_N04TAF","ambient_air_SRX",NA,NA,NA,NA,NA,NA,NA,NA,NA,NA,NA,NA,NA,NA,NA,NA,NA,NA,NA,NA,NA,NA,NA,NA,NA,NA,NA,NA,NA,NA,NA
"AX25","P3","D6","AX25_N04TBE","Abies religiosa","3D-332","CTTAGG",1,"chamber","4","chambers","AX25_N04TBE","ambient_air_SRX",NA,NA,NA,NA,NA,NA,NA,NA,NA,NA,NA,NA,NA,NA,NA,NA,NA,NA,NA,NA,NA,NA,NA,NA,NA,NA,NA,NA,NA,NA,NA
"AX25","P4","H7","AX25_N04TAF","Abies religiosa","3D-344","TACGTGCGAT",2,"chamber","4","chambers","AX25_N04TAF","ambient_air_SRX",NA,NA,NA,NA,NA,NA,NA,NA,NA,NA,NA,NA,NA,NA,NA,NA,NA,NA,NA,NA,NA,NA,NA,NA,NA,NA,NA,NA,NA,NA,NA
"AX26","P3","E2","AX26_N04TBE","Abies religiosa","3D-301","AACAGG",1,"chamber","4","chambers","AX26_N04TBE","ambient_air_SRX",NA,NA,NA,NA,NA,NA,NA,NA,NA,NA,NA,NA,NA,NA,NA,NA,NA,NA,NA,NA,NA,NA,NA,NA,NA,NA,NA,NA,NA,NA,NA
"AX26","P3","H3","AX26_N04TAF","Abies religiosa","3D-312","ACAATCGAG",1,"chamber","4","chambers","AX26_N04TAF","ambient_air_SRX",NA,NA,NA,NA,NA,NA,NA,NA,NA,NA,NA,NA,NA,NA,NA,NA,NA,NA,NA,NA,NA,NA,NA,NA,NA,NA,NA,NA,NA,NA,NA
"AX27","P3","E10","AX27_N04TAF","Abies religiosa","3D-365","TGGCTCAAT",2,"chamber","4","chambers","AX27_N04TAF","ambient_air_SRX",NA,NA,NA,NA,NA,NA,NA,NA,NA,NA,NA,NA,NA,NA,NA,NA,NA,NA,NA,NA,NA,NA,NA,NA,NA,NA,NA,NA,NA,NA,NA
"AX27","P1","G12","AX27_N04TBE","Abies religiosa","3D-383","TCATAGG",2,"chamber","4","chambers","AX27_N04TBE","ambient_air_SRX",NA,NA,NA,NA,NA,NA,NA,NA,NA,NA,NA,NA,NA,NA,NA,NA,NA,NA,NA,NA,NA,NA,NA,NA,NA,NA,NA,NA,NA,NA,NA
"AX28","P1","B6","AX28_N04TAF","Abies religiosa","3D-330","TGGTTACG",1,"chamber","4","chambers","AX28_N04TAF","ambient_air_SRX",NA,NA,NA,NA,NA,NA,NA,NA,NA,NA,NA,NA,NA,NA,NA,NA,NA,NA,NA,NA,NA,NA,NA,NA,NA,NA,NA,NA,NA,NA,NA
"AX28","P1","C9","AX28_N04TBE","Abies religiosa","3D-355","CGTAGCAT",2,"chamber","4","chambers","AX28_N04TBE","ambient_air_SRX",NA,NA,NA,NA,NA,NA,NA,NA,NA,NA,NA,NA,NA,NA,NA,NA,NA,NA,NA,NA,NA,NA,NA,NA,NA,NA,NA,NA,NA,NA,NA
"B109","P1","E4","B109_N05P34","Abies religiosa","3D-317","TTGCTCCT",1,"B","5","34","B109_N05P34","forest","PN",34,"healthy","19.295404","-99.319428",3127.019531,"B",109,"1_cm",0.45,5,NA,NA,NA,NA,NA,NA,NA,"closed",4,2,"no",NA,"cover",1,0,0,1,1,1,"no"
"B113","P4","E5","B113_N05P34","Abies religiosa","3D-325","TTGCCAAG",1,"B","5","34","B113_N05P34","forest","PN",34,"healthy","19.2954079","-99.319376",3124.056641,"B",113,"1_cm",0.45,5,NA,NA,NA,NA,NA,NA,NA,"closed",3,2,"no",NA,"exposed",1,0,0,1,1,1,"no"
"B84","P1","A8","B84_NNAP24","Abies religiosa","3D-345","CCACATATTG",2,"B",NA,"24","B84_NNAP24","forest","CX",24,"ozone drougth other","19.3019313","-99.2923996",3149.814941,"B",84,"40_cm",17,NA,"10 to 40%",NA,NA,NA,NA,NA,NA,"closed",10,3,"not_sure",NA,"exposed",0,0,0,1,1,1,"no"
"B89","P3","D9","B89_NNAP25","Abies religiosa","3D-356","TACTCGGAT",2,"B",NA,"25","B89_NNAP25","forest","CX",25,"healthy","19.3068419","-99.2912672",3044.737061,"B",89,"40_cm",30,NA,NA,NA,NA,NA,NA,NA,NA,"closed",17,3,"yes","female","exposed",1,0,0,1,1,1,"no"
"B89r","P1","G9","B89r_NNAP25","Abies religiosa","3D-359","CACACGTAT",2,"B",NA,"25","B89r_NNAP25","forest",NA,NA,NA,NA,NA,NA,NA,NA,NA,NA,NA,NA,NA,NA,NA,NA,NA,NA,NA,NA,NA,NA,NA,NA,NA,NA,NA,NA,NA,NA,NA
"Blank","P1","A1","Blank_01","Abies religiosa","3D-289","AACAGCT",1,"Blank","Blank","Blank","Blank_01","blank",NA,NA,NA,NA,NA,NA,NA,NA,NA,NA,NA,NA,NA,NA,NA,NA,NA,NA,NA,NA,NA,NA,NA,NA,NA,NA,NA,NA,NA,NA,NA
"Blank","P2","A1","Blank_02","Abies religiosa","3D-289","AACAGCT",1,"Blank","Blank","Blank","Blank_02","blank",NA,NA,NA,NA,NA,NA,NA,NA,NA,NA,NA,NA,NA,NA,NA,NA,NA,NA,NA,NA,NA,NA,NA,NA,NA,NA,NA,NA,NA,NA,NA
"Blank","P3","A1","Blank_03","Abies religiosa","3D-289","AACAGCT",1,"Blank","Blank","Blank","Blank_03","blank",NA,NA,NA,NA,NA,NA,NA,NA,NA,NA,NA,NA,NA,NA,NA,NA,NA,NA,NA,NA,NA,NA,NA,NA,NA,NA,NA,NA,NA,NA,NA
"Blank","P4","A1","Blank_04","Abies religiosa","3D-289","AACAGCT",1,"Blank","Blank","Blank","Blank_04","blank",NA,NA,NA,NA,NA,NA,NA,NA,NA,NA,NA,NA,NA,NA,NA,NA,NA,NA,NA,NA,NA,NA,NA,NA,NA,NA,NA,NA,NA,NA,NA
"C101","P3","E8","C101_N08P37","Abies religiosa","3D-349","TTACCTCTAG",2,"C","8","37","C101_N08P37","forest","PN",37,"ozone other","19.2836036","-99.3161757",3190,"C",101,"2_cm",1.7,8,"more than 70%",NA,NA,NA,NA,NA,NA,"closed",3,0,"no",NA,"cover",1,0,0,1,1,1,"no"
"C122","P1","E10","C122_NNAP44","Abies religiosa","3D-365","TGGCTCAAT",2,"C",NA,"44","C122_NNAP44","forest","PN",44,"ozone drougth other","19.2891165","-99.3172017",3147,"C",122,"40_cm",30,NA,"50 to 70%",NA,NA,NA,NA,NA,NA,"closed",4,3,"not_sure",NA,"cover",0,0,1,1,1,1,"no"
"C20","P4","A5","C20_N07P06","Abies religiosa","3D-321","TGAAGG",1,"C","7","6","C20_N07P06","forest","CX",6,"healthy","19.2926016","-99.2987972",3478,"C",20,"2_cm",1.3,7,NA,NA,NA,NA,NA,NA,NA,"closed",3,3,"no",NA,"cover",1,1,0,0,1,0,"no"
"C3","P1","G10","C3_N09P02","Abies religiosa","3D-367","TGGTTCT",2,"C","9","2","C3_N09P02","forest","CX",2,"ozone","19.2906363","-99.2990406",3473,"C",3,"6_cm",2,9,"40 to 50%",NA,NA,NA,NA,NA,NA,"closed",4,4,"no",NA,"exposed",0,1,0,0,1,0,"yes"
"C36","P4","F1","C36_N06P12","Abies religiosa","3D-294","TCCTACG",1,"C","6","12","C36_N06P12","forest","CX",12,"ozone drougth","19.291341","-99.3062656",3479,"C",36,"0.5_cm",0.53,6,"less than 10%",NA,NA,NA,NA,NA,NA,"closed",3,3,"no",NA,"cover",1,0,0,0,1,1,"no"
"C5","P1","E9","C5_N09P02","Abies religiosa","3D-357","CTATTCGG",2,"C","9","2","C5_N09P02","forest","CX",2,"healthy","19.2907215","-99.2990592",3471,"C",5,"6_cm",3.3,9,NA,NA,NA,NA,NA,NA,NA,"closed",3,3,"no",NA,"exposed",0,0,0,0,1,0,"yes"
"C64","P3","B1","C64_N09P29","Abies religiosa","3D-290","TACTTGGAG",1,"C","9","29","C64_N09P29","forest","CX",29,"ozone drougth other","19.302132","-99.2983218",3357,"C",64,"1_cm",1.5,9,"50 to 70%",NA,NA,NA,NA,NA,NA,"closed",4,3,"no",NA,"cover",1,0,0,0,1,1,"no"
"CA03","P3","C5","CA03_N04TBE","Abies religiosa","3D-323","TCGGATATCT",1,"chamber","4","chambers","CA03_N04TBE","contingency_ozone",NA,NA,NA,NA,NA,NA,NA,NA,NA,NA,NA,NA,NA,NA,NA,NA,NA,NA,NA,NA,NA,NA,NA,NA,NA,NA,NA,NA,NA,NA,NA
"CA03","P2","D6","CA03_N04TAF","Abies religiosa","3D-332","CTTAGG",1,"chamber","4","chambers","CA03_N04TAF","contingency_ozone",NA,NA,NA,NA,NA,NA,NA,NA,NA,NA,NA,NA,NA,NA,NA,NA,NA,NA,NA,NA,NA,NA,NA,NA,NA,NA,NA,NA,NA,NA,NA
"CA04","P3","D12","CA04_N04TBE","Abies religiosa","3D-380","ATAGACG",2,"chamber","4","chambers","CA04_N04TBE","contingency_ozone",NA,NA,NA,NA,NA,NA,NA,NA,NA,NA,NA,NA,NA,NA,NA,NA,NA,NA,NA,NA,NA,NA,NA,NA,NA,NA,NA,NA,NA,NA,NA
"CA04","P2","E9","CA04_N04TAF","Abies religiosa","3D-357","CTATTCGG",2,"chamber","4","chambers","CA04_N04TAF","contingency_ozone",NA,NA,NA,NA,NA,NA,NA,NA,NA,NA,NA,NA,NA,NA,NA,NA,NA,NA,NA,NA,NA,NA,NA,NA,NA,NA,NA,NA,NA,NA,NA
"CA06","P1","B11","CA06_N04TBE","Abies religiosa","3D-370","CGGACT",2,"chamber","4","chambers","CA06_N04TBE","contingency_ozone",NA,NA,NA,NA,NA,NA,NA,NA,NA,NA,NA,NA,NA,NA,NA,NA,NA,NA,NA,NA,NA,NA,NA,NA,NA,NA,NA,NA,NA,NA,NA
"CA06","P3","G11","CA06_N04TAF","Abies religiosa","3D-375","TCGTTACAAG",2,"chamber","4","chambers","CA06_N04TAF","contingency_ozone",NA,NA,NA,NA,NA,NA,NA,NA,NA,NA,NA,NA,NA,NA,NA,NA,NA,NA,NA,NA,NA,NA,NA,NA,NA,NA,NA,NA,NA,NA,NA
"CA07","P4","H5","CA07_N04TAF","Abies religiosa","3D-328","GAATCATTGG",1,"chamber","4","chambers","CA07_N04TAF","contingency_ozone",NA,NA,NA,NA,NA,NA,NA,NA,NA,NA,NA,NA,NA,NA,NA,NA,NA,NA,NA,NA,NA,NA,NA,NA,NA,NA,NA,NA,NA,NA,NA
"CA07","P3","D11","CA07_N04TBE","Abies religiosa","3D-372","AGCTCAT",2,"chamber","4","chambers","CA07_N04TBE","contingency_ozone",NA,NA,NA,NA,NA,NA,NA,NA,NA,NA,NA,NA,NA,NA,NA,NA,NA,NA,NA,NA,NA,NA,NA,NA,NA,NA,NA,NA,NA,NA,NA
"CA07r","P4","C8","CA07r_N04TAF","Abies religiosa","3D-347","GGAAGTG",2,"chamber","4","chambers","CA07r_N04TAF","contingency_ozone",NA,NA,NA,NA,NA,NA,NA,NA,NA,NA,NA,NA,NA,NA,NA,NA,NA,NA,NA,NA,NA,NA,NA,NA,NA,NA,NA,NA,NA,NA,NA
"CA09","P4","C7","CA09_N04TBE","Abies religiosa","3D-339","ACGAAG",2,"chamber","4","chambers","CA09_N04TBE","contingency_ozone",NA,NA,NA,NA,NA,NA,NA,NA,NA,NA,NA,NA,NA,NA,NA,NA,NA,NA,NA,NA,NA,NA,NA,NA,NA,NA,NA,NA,NA,NA,NA
"CA09","P3","G7","CA09_N04TAF","Abies religiosa","3D-343","GTTCGT",2,"chamber","4","chambers","CA09_N04TAF","contingency_ozone",NA,NA,NA,NA,NA,NA,NA,NA,NA,NA,NA,NA,NA,NA,NA,NA,NA,NA,NA,NA,NA,NA,NA,NA,NA,NA,NA,NA,NA,NA,NA
"CA10","P4","A2","CA10_N04TAF","Abies religiosa","3D-297","CGCCAATGT",1,"chamber","4","chambers","CA10_N04TAF","contingency_ozone",NA,NA,NA,NA,NA,NA,NA,NA,NA,NA,NA,NA,NA,NA,NA,NA,NA,NA,NA,NA,NA,NA,NA,NA,NA,NA,NA,NA,NA,NA,NA
"CA10","P3","E11","CA10_N04TBE","Abies religiosa","3D-373","AGGAGGT",2,"chamber","4","chambers","CA10_N04TBE","contingency_ozone",NA,NA,NA,NA,NA,NA,NA,NA,NA,NA,NA,NA,NA,NA,NA,NA,NA,NA,NA,NA,NA,NA,NA,NA,NA,NA,NA,NA,NA,NA,NA
"CA11","P3","G1","CA11_N04TBE","Abies religiosa","3D-295","AAGACG",1,"chamber","4","chambers","CA11_N04TBE","contingency_ozone",NA,NA,NA,NA,NA,NA,NA,NA,NA,NA,NA,NA,NA,NA,NA,NA,NA,NA,NA,NA,NA,NA,NA,NA,NA,NA,NA,NA,NA,NA,NA
"CA11","P1","D6","CA11_N04TAF","Abies religiosa","3D-332","CTTAGG",1,"chamber","4","chambers","CA11_N04TAF","contingency_ozone",NA,NA,NA,NA,NA,NA,NA,NA,NA,NA,NA,NA,NA,NA,NA,NA,NA,NA,NA,NA,NA,NA,NA,NA,NA,NA,NA,NA,NA,NA,NA
"CA14","P1","H8","CA14_N04TBE","Abies religiosa","3D-352","CAGAAGTGT",2,"chamber","4","chambers","CA14_N04TBE","contingency_ozone",NA,NA,NA,NA,NA,NA,NA,NA,NA,NA,NA,NA,NA,NA,NA,NA,NA,NA,NA,NA,NA,NA,NA,NA,NA,NA,NA,NA,NA,NA,NA
"CA14","P3","E6","CA14_N04TAF","Abies religiosa","3D-333","CATGAG",1,"chamber","4","chambers","CA14_N04TAF","contingency_ozone",NA,NA,NA,NA,NA,NA,NA,NA,NA,NA,NA,NA,NA,NA,NA,NA,NA,NA,NA,NA,NA,NA,NA,NA,NA,NA,NA,NA,NA,NA,NA
"CA16","P4","A6","CA16_N04TBE","Abies religiosa","3D-329","ACGTGTAG",1,"chamber","4","chambers","CA16_N04TBE","contingency_ozone",NA,NA,NA,NA,NA,NA,NA,NA,NA,NA,NA,NA,NA,NA,NA,NA,NA,NA,NA,NA,NA,NA,NA,NA,NA,NA,NA,NA,NA,NA,NA
"CA16","P1","B8","CA16_N04TAF","Abies religiosa","3D-346","TTAGTTACGG",2,"chamber","4","chambers","CA16_N04TAF","contingency_ozone",NA,NA,NA,NA,NA,NA,NA,NA,NA,NA,NA,NA,NA,NA,NA,NA,NA,NA,NA,NA,NA,NA,NA,NA,NA,NA,NA,NA,NA,NA,NA
"CA17","P2","E5","CA17_N04TAF","Abies religiosa","3D-325","TTGCCAAG",1,"chamber","4","chambers","CA17_N04TAF","contingency_ozone",NA,NA,NA,NA,NA,NA,NA,NA,NA,NA,NA,NA,NA,NA,NA,NA,NA,NA,NA,NA,NA,NA,NA,NA,NA,NA,NA,NA,NA,NA,NA
"CA17","P2","H11","CA17_N04TBE","Abies religiosa","3D-376","TTGAGT",2,"chamber","4","chambers","CA17_N04TBE","contingency_ozone",NA,NA,NA,NA,NA,NA,NA,NA,NA,NA,NA,NA,NA,NA,NA,NA,NA,NA,NA,NA,NA,NA,NA,NA,NA,NA,NA,NA,NA,NA,NA
"CA18","P1","D3","CA18_N04TAF","Abies religiosa","3D-308","TCTGGAGTAT",1,"chamber","4","chambers","CA18_N04TAF","contingency_ozone",NA,NA,NA,NA,NA,NA,NA,NA,NA,NA,NA,NA,NA,NA,NA,NA,NA,NA,NA,NA,NA,NA,NA,NA,NA,NA,NA,NA,NA,NA,NA
"CA18","P4","H3","CA18_N04TBE","Abies religiosa","3D-312","ACAATCGAG",1,"chamber","4","chambers","CA18_N04TBE","contingency_ozone",NA,NA,NA,NA,NA,NA,NA,NA,NA,NA,NA,NA,NA,NA,NA,NA,NA,NA,NA,NA,NA,NA,NA,NA,NA,NA,NA,NA,NA,NA,NA
"CA19","P1","A6","CA19_N04TAF","Abies religiosa","3D-329","ACGTGTAG",1,"chamber","4","chambers","CA19_N04TAF","contingency_ozone",NA,NA,NA,NA,NA,NA,NA,NA,NA,NA,NA,NA,NA,NA,NA,NA,NA,NA,NA,NA,NA,NA,NA,NA,NA,NA,NA,NA,NA,NA,NA
"CA19","P3","G12","CA19_N04TBE","Abies religiosa","3D-383","TCATAGG",2,"chamber","4","chambers","CA19_N04TBE","contingency_ozone",NA,NA,NA,NA,NA,NA,NA,NA,NA,NA,NA,NA,NA,NA,NA,NA,NA,NA,NA,NA,NA,NA,NA,NA,NA,NA,NA,NA,NA,NA,NA
"CA21","P2","B6","CA21_N04TBE","Abies religiosa","3D-330","TGGTTACG",1,"chamber","4","chambers","CA21_N04TBE","contingency_ozone",NA,NA,NA,NA,NA,NA,NA,NA,NA,NA,NA,NA,NA,NA,NA,NA,NA,NA,NA,NA,NA,NA,NA,NA,NA,NA,NA,NA,NA,NA,NA
"CA21","P1","D5","CA21_N04TAF","Abies religiosa","3D-324","CTTAGAG",1,"chamber","4","chambers","CA21_N04TAF","contingency_ozone",NA,NA,NA,NA,NA,NA,NA,NA,NA,NA,NA,NA,NA,NA,NA,NA,NA,NA,NA,NA,NA,NA,NA,NA,NA,NA,NA,NA,NA,NA,NA
"CA22","P2","A6","CA22_N04TBE","Abies religiosa","3D-329","ACGTGTAG",1,"chamber","4","chambers","CA22_N04TBE","contingency_ozone",NA,NA,NA,NA,NA,NA,NA,NA,NA,NA,NA,NA,NA,NA,NA,NA,NA,NA,NA,NA,NA,NA,NA,NA,NA,NA,NA,NA,NA,NA,NA
"CA22","P2","E8","CA22_N04TAF","Abies religiosa","3D-349","TTACCTCTAG",2,"chamber","4","chambers","CA22_N04TAF","contingency_ozone",NA,NA,NA,NA,NA,NA,NA,NA,NA,NA,NA,NA,NA,NA,NA,NA,NA,NA,NA,NA,NA,NA,NA,NA,NA,NA,NA,NA,NA,NA,NA
"CA25","P4","B4","CA25_N04TBE","Abies religiosa","3D-314","AACGATGGT",1,"chamber","4","chambers","CA25_N04TBE","contingency_ozone",NA,NA,NA,NA,NA,NA,NA,NA,NA,NA,NA,NA,NA,NA,NA,NA,NA,NA,NA,NA,NA,NA,NA,NA,NA,NA,NA,NA,NA,NA,NA
"CA25","P4","G7","CA25_N04TAF","Abies religiosa","3D-343","GTTCGT",2,"chamber","4","chambers","CA25_N04TAF","contingency_ozone",NA,NA,NA,NA,NA,NA,NA,NA,NA,NA,NA,NA,NA,NA,NA,NA,NA,NA,NA,NA,NA,NA,NA,NA,NA,NA,NA,NA,NA,NA,NA
"CA27","P3","E9","CA27_N04TBE","Abies religiosa","3D-357","CTATTCGG",2,"chamber","4","chambers","CA27_N04TBE","contingency_ozone",NA,NA,NA,NA,NA,NA,NA,NA,NA,NA,NA,NA,NA,NA,NA,NA,NA,NA,NA,NA,NA,NA,NA,NA,NA,NA,NA,NA,NA,NA,NA
"CA27","P2","F6","CA27_N04TAF","Abies religiosa","3D-334","GCGTTGAT",1,"chamber","4","chambers","CA27_N04TAF","contingency_ozone",NA,NA,NA,NA,NA,NA,NA,NA,NA,NA,NA,NA,NA,NA,NA,NA,NA,NA,NA,NA,NA,NA,NA,NA,NA,NA,NA,NA,NA,NA,NA
"CA28","P3","B7","CA28_N04TAF","Abies religiosa","3D-338","TACAGAGG",2,"chamber","4","chambers","CA28_N04TAF","contingency_ozone",NA,NA,NA,NA,NA,NA,NA,NA,NA,NA,NA,NA,NA,NA,NA,NA,NA,NA,NA,NA,NA,NA,NA,NA,NA,NA,NA,NA,NA,NA,NA
"CA28","P2","G6","CA28_N04TBE","Abies religiosa","3D-335","TCATGAACAG",1,"chamber","4","chambers","CA28_N04TBE","contingency_ozone",NA,NA,NA,NA,NA,NA,NA,NA,NA,NA,NA,NA,NA,NA,NA,NA,NA,NA,NA,NA,NA,NA,NA,NA,NA,NA,NA,NA,NA,NA,NA
"CA29","P4","D4","CA29_N04TAF","Abies religiosa","3D-316","AGCTAG",1,"chamber","4","chambers","CA29_N04TAF","contingency_ozone",NA,NA,NA,NA,NA,NA,NA,NA,NA,NA,NA,NA,NA,NA,NA,NA,NA,NA,NA,NA,NA,NA,NA,NA,NA,NA,NA,NA,NA,NA,NA
"CA29","P3","F3","CA29_N04TBE","Abies religiosa","3D-310","TGCACTTG",1,"chamber","4","chambers","CA29_N04TBE","contingency_ozone",NA,NA,NA,NA,NA,NA,NA,NA,NA,NA,NA,NA,NA,NA,NA,NA,NA,NA,NA,NA,NA,NA,NA,NA,NA,NA,NA,NA,NA,NA,NA
"CA30","P4","H4","CA30_N04TBE","Abies religiosa","3D-320","TGACGTGGAT",1,"chamber","4","chambers","CA30_N04TBE","contingency_ozone",NA,NA,NA,NA,NA,NA,NA,NA,NA,NA,NA,NA,NA,NA,NA,NA,NA,NA,NA,NA,NA,NA,NA,NA,NA,NA,NA,NA,NA,NA,NA
"CA30","P2","F10","CA30_N04TAF","Abies religiosa","3D-366","CGTAGAT",2,"chamber","4","chambers","CA30_N04TAF","contingency_ozone",NA,NA,NA,NA,NA,NA,NA,NA,NA,NA,NA,NA,NA,NA,NA,NA,NA,NA,NA,NA,NA,NA,NA,NA,NA,NA,NA,NA,NA,NA,NA
"CC01","P4","C6","CC01_N04TBE","Abies religiosa","3D-331","ACGGAGT",1,"chamber","4","chambers","CC01_N04TBE","moderate_ozone",NA,NA,NA,NA,NA,NA,NA,NA,NA,NA,NA,NA,NA,NA,NA,NA,NA,NA,NA,NA,NA,NA,NA,NA,NA,NA,NA,NA,NA,NA,NA
"CC01","P2","C11","CC01_N04TAF","Abies religiosa","3D-371","AAGTGG",2,"chamber","4","chambers","CC01_N04TAF","moderate_ozone",NA,NA,NA,NA,NA,NA,NA,NA,NA,NA,NA,NA,NA,NA,NA,NA,NA,NA,NA,NA,NA,NA,NA,NA,NA,NA,NA,NA,NA,NA,NA
"CC02","P1","A2","CC02_N04TBE","Abies religiosa","3D-297","CGCCAATGT",1,"chamber","4","chambers","CC02_N04TBE","moderate_ozone",NA,NA,NA,NA,NA,NA,NA,NA,NA,NA,NA,NA,NA,NA,NA,NA,NA,NA,NA,NA,NA,NA,NA,NA,NA,NA,NA,NA,NA,NA,NA
"CC02","P3","D2","CC02_N04TAF","Abies religiosa","3D-300","TGTTACCG",1,"chamber","4","chambers","CC02_N04TAF","moderate_ozone",NA,NA,NA,NA,NA,NA,NA,NA,NA,NA,NA,NA,NA,NA,NA,NA,NA,NA,NA,NA,NA,NA,NA,NA,NA,NA,NA,NA,NA,NA,NA
"CC03","P3","B11","CC03_N04TBE","Abies religiosa","3D-370","CGGACT",2,"chamber","4","chambers","CC03_N04TBE","moderate_ozone",NA,NA,NA,NA,NA,NA,NA,NA,NA,NA,NA,NA,NA,NA,NA,NA,NA,NA,NA,NA,NA,NA,NA,NA,NA,NA,NA,NA,NA,NA,NA
"CC03","P2","E12","CC03_N04TAF","Abies religiosa","3D-381","AGTCACTG",2,"chamber","4","chambers","CC03_N04TAF","moderate_ozone",NA,NA,NA,NA,NA,NA,NA,NA,NA,NA,NA,NA,NA,NA,NA,NA,NA,NA,NA,NA,NA,NA,NA,NA,NA,NA,NA,NA,NA,NA,NA
"CC07","P3","A6","CC07_N04TBE","Abies religiosa","3D-329","ACGTGTAG",1,"chamber","4","chambers","CC07_N04TBE","moderate_ozone",NA,NA,NA,NA,NA,NA,NA,NA,NA,NA,NA,NA,NA,NA,NA,NA,NA,NA,NA,NA,NA,NA,NA,NA,NA,NA,NA,NA,NA,NA,NA
"CC07","P2","H4","CC07_N04TAF","Abies religiosa","3D-320","TGACGTGGAT",1,"chamber","4","chambers","CC07_N04TAF","moderate_ozone",NA,NA,NA,NA,NA,NA,NA,NA,NA,NA,NA,NA,NA,NA,NA,NA,NA,NA,NA,NA,NA,NA,NA,NA,NA,NA,NA,NA,NA,NA,NA
"CC09","P4","D6","CC09_N04TAF","Abies religiosa","3D-332","CTTAGG",1,"chamber","4","chambers","CC09_N04TAF","moderate_ozone",NA,NA,NA,NA,NA,NA,NA,NA,NA,NA,NA,NA,NA,NA,NA,NA,NA,NA,NA,NA,NA,NA,NA,NA,NA,NA,NA,NA,NA,NA,NA
"CC09","P4","D9","CC09_N04TBE","Abies religiosa","3D-356","TACTCGGAT",2,"chamber","4","chambers","CC09_N04TBE","moderate_ozone",NA,NA,NA,NA,NA,NA,NA,NA,NA,NA,NA,NA,NA,NA,NA,NA,NA,NA,NA,NA,NA,NA,NA,NA,NA,NA,NA,NA,NA,NA,NA
"CC10","P3","C9","CC10_N04TAF","Abies religiosa","3D-355","CGTAGCAT",2,"chamber","4","chambers","CC10_N04TAF","moderate_ozone",NA,NA,NA,NA,NA,NA,NA,NA,NA,NA,NA,NA,NA,NA,NA,NA,NA,NA,NA,NA,NA,NA,NA,NA,NA,NA,NA,NA,NA,NA,NA
"CC10","P3","F9","CC10_N04TBE","Abies religiosa","3D-358","CTGAACT",2,"chamber","4","chambers","CC10_N04TBE","moderate_ozone",NA,NA,NA,NA,NA,NA,NA,NA,NA,NA,NA,NA,NA,NA,NA,NA,NA,NA,NA,NA,NA,NA,NA,NA,NA,NA,NA,NA,NA,NA,NA
"CC10r","P3","H7","CC10r_N04TAF","Abies religiosa","3D-344","TACGTGCGAT",2,"chamber","4","chambers","CC10r_N04TAF","moderate_ozone",NA,NA,NA,NA,NA,NA,NA,NA,NA,NA,NA,NA,NA,NA,NA,NA,NA,NA,NA,NA,NA,NA,NA,NA,NA,NA,NA,NA,NA,NA,NA
"CC11","P2","B7","CC11_N04TBE","Abies religiosa","3D-338","TACAGAGG",2,"chamber","4","chambers","CC11_N04TBE","moderate_ozone",NA,NA,NA,NA,NA,NA,NA,NA,NA,NA,NA,NA,NA,NA,NA,NA,NA,NA,NA,NA,NA,NA,NA,NA,NA,NA,NA,NA,NA,NA,NA
"CC11","P1","F7","CC11_N04TAF","Abies religiosa","3D-342","TGTCCG",2,"chamber","4","chambers","CC11_N04TAF","moderate_ozone",NA,NA,NA,NA,NA,NA,NA,NA,NA,NA,NA,NA,NA,NA,NA,NA,NA,NA,NA,NA,NA,NA,NA,NA,NA,NA,NA,NA,NA,NA,NA
"CC13","P1","E7","CC13_N04TAF","Abies religiosa","3D-341","CTTGTG",2,"chamber","4","chambers","CC13_N04TAF","moderate_ozone",NA,NA,NA,NA,NA,NA,NA,NA,NA,NA,NA,NA,NA,NA,NA,NA,NA,NA,NA,NA,NA,NA,NA,NA,NA,NA,NA,NA,NA,NA,NA
"CC13","P1","F12","CC13_N04TBE","Abies religiosa","3D-382","TTCGAGGAT",2,"chamber","4","chambers","CC13_N04TBE","moderate_ozone",NA,NA,NA,NA,NA,NA,NA,NA,NA,NA,NA,NA,NA,NA,NA,NA,NA,NA,NA,NA,NA,NA,NA,NA,NA,NA,NA,NA,NA,NA,NA
"CC15","P4","F5","CC15_N04TAF","Abies religiosa","3D-326","CTGCGT",1,"chamber","4","chambers","CC15_N04TAF","moderate_ozone",NA,NA,NA,NA,NA,NA,NA,NA,NA,NA,NA,NA,NA,NA,NA,NA,NA,NA,NA,NA,NA,NA,NA,NA,NA,NA,NA,NA,NA,NA,NA
"CC15","P4","H2","CC15_N04TBE","Abies religiosa","3D-304","GTCAAG",1,"chamber","4","chambers","CC15_N04TBE","moderate_ozone",NA,NA,NA,NA,NA,NA,NA,NA,NA,NA,NA,NA,NA,NA,NA,NA,NA,NA,NA,NA,NA,NA,NA,NA,NA,NA,NA,NA,NA,NA,NA
"CC16","P1","C7","CC16_N04TAF","Abies religiosa","3D-339","ACGAAG",2,"chamber","4","chambers","CC16_N04TAF","moderate_ozone",NA,NA,NA,NA,NA,NA,NA,NA,NA,NA,NA,NA,NA,NA,NA,NA,NA,NA,NA,NA,NA,NA,NA,NA,NA,NA,NA,NA,NA,NA,NA
"CC16","P1","F10","CC16_N04TBE","Abies religiosa","3D-366","CGTAGAT",2,"chamber","4","chambers","CC16_N04TBE","moderate_ozone",NA,NA,NA,NA,NA,NA,NA,NA,NA,NA,NA,NA,NA,NA,NA,NA,NA,NA,NA,NA,NA,NA,NA,NA,NA,NA,NA,NA,NA,NA,NA
"CC17","P3","A9","CC17_N04TBE","Abies religiosa","3D-353","GGTACCAT",2,"chamber","4","chambers","CC17_N04TBE","moderate_ozone",NA,NA,NA,NA,NA,NA,NA,NA,NA,NA,NA,NA,NA,NA,NA,NA,NA,NA,NA,NA,NA,NA,NA,NA,NA,NA,NA,NA,NA,NA,NA
"CC17","P2","E3","CC17_N04TAF","Abies religiosa","3D-309","CGTGTTGT",1,"chamber","4","chambers","CC17_N04TAF","moderate_ozone",NA,NA,NA,NA,NA,NA,NA,NA,NA,NA,NA,NA,NA,NA,NA,NA,NA,NA,NA,NA,NA,NA,NA,NA,NA,NA,NA,NA,NA,NA,NA
"CC20","P2","E2","CC20_N04TAF","Abies religiosa","3D-301","AACAGG",1,"chamber","4","chambers","CC20_N04TAF","moderate_ozone",NA,NA,NA,NA,NA,NA,NA,NA,NA,NA,NA,NA,NA,NA,NA,NA,NA,NA,NA,NA,NA,NA,NA,NA,NA,NA,NA,NA,NA,NA,NA
"CC20","P4","H11","CC20_N04TBE","Abies religiosa","3D-376","TTGAGT",2,"chamber","4","chambers","CC20_N04TBE","moderate_ozone",NA,NA,NA,NA,NA,NA,NA,NA,NA,NA,NA,NA,NA,NA,NA,NA,NA,NA,NA,NA,NA,NA,NA,NA,NA,NA,NA,NA,NA,NA,NA
"CC21","P4","G12","CC21_N04TBE","Abies religiosa","3D-383","TCATAGG",2,"chamber","4","chambers","CC21_N04TBE","moderate_ozone",NA,NA,NA,NA,NA,NA,NA,NA,NA,NA,NA,NA,NA,NA,NA,NA,NA,NA,NA,NA,NA,NA,NA,NA,NA,NA,NA,NA,NA,NA,NA
"CC21","P4","G11","CC21_N04TAF","Abies religiosa","3D-375","TCGTTACAAG",2,"chamber","4","chambers","CC21_N04TAF","moderate_ozone",NA,NA,NA,NA,NA,NA,NA,NA,NA,NA,NA,NA,NA,NA,NA,NA,NA,NA,NA,NA,NA,NA,NA,NA,NA,NA,NA,NA,NA,NA,NA
"CC23","P2","B10","CC23_N04TAF","Abies religiosa","3D-362","ATTCGGT",2,"chamber","4","chambers","CC23_N04TAF","moderate_ozone",NA,NA,NA,NA,NA,NA,NA,NA,NA,NA,NA,NA,NA,NA,NA,NA,NA,NA,NA,NA,NA,NA,NA,NA,NA,NA,NA,NA,NA,NA,NA
"CC23","P4","G10","CC23_N04TBE","Abies religiosa","3D-367","TGGTTCT",2,"chamber","4","chambers","CC23_N04TBE","moderate_ozone",NA,NA,NA,NA,NA,NA,NA,NA,NA,NA,NA,NA,NA,NA,NA,NA,NA,NA,NA,NA,NA,NA,NA,NA,NA,NA,NA,NA,NA,NA,NA
"CC24","P1","D7","CC24_N04TBE","Abies religiosa","3D-340","CGTTACTTGG",2,"chamber","4","chambers","CC24_N04TBE","moderate_ozone",NA,NA,NA,NA,NA,NA,NA,NA,NA,NA,NA,NA,NA,NA,NA,NA,NA,NA,NA,NA,NA,NA,NA,NA,NA,NA,NA,NA,NA,NA,NA
"CC24","P1","H5","CC24_N04TAF","Abies religiosa","3D-328","GAATCATTGG",1,"chamber","4","chambers","CC24_N04TAF","moderate_ozone",NA,NA,NA,NA,NA,NA,NA,NA,NA,NA,NA,NA,NA,NA,NA,NA,NA,NA,NA,NA,NA,NA,NA,NA,NA,NA,NA,NA,NA,NA,NA
"CC26","P4","A8","CC26_N04TBE","Abies religiosa","3D-345","CCACATATTG",2,"chamber","4","chambers","CC26_N04TBE","moderate_ozone",NA,NA,NA,NA,NA,NA,NA,NA,NA,NA,NA,NA,NA,NA,NA,NA,NA,NA,NA,NA,NA,NA,NA,NA,NA,NA,NA,NA,NA,NA,NA
"CC26","P1","E6","CC26_N04TAF","Abies religiosa","3D-333","CATGAG",1,"chamber","4","chambers","CC26_N04TAF","moderate_ozone",NA,NA,NA,NA,NA,NA,NA,NA,NA,NA,NA,NA,NA,NA,NA,NA,NA,NA,NA,NA,NA,NA,NA,NA,NA,NA,NA,NA,NA,NA,NA
"CC27","P1","D10","CC27_N04TAF","Abies religiosa","3D-364","GAATGCTCT",2,"chamber","4","chambers","CC27_N04TAF","moderate_ozone",NA,NA,NA,NA,NA,NA,NA,NA,NA,NA,NA,NA,NA,NA,NA,NA,NA,NA,NA,NA,NA,NA,NA,NA,NA,NA,NA,NA,NA,NA,NA
"CC27","P2","F4","CC27_N04TBE","Abies religiosa","3D-318","CTCCGTTGT",1,"chamber","4","chambers","CC27_N04TBE","moderate_ozone",NA,NA,NA,NA,NA,NA,NA,NA,NA,NA,NA,NA,NA,NA,NA,NA,NA,NA,NA,NA,NA,NA,NA,NA,NA,NA,NA,NA,NA,NA,NA
"CC29","P4","B12","CC29_N04TAF","Abies religiosa","3D-378","GCCTTAGCCT",2,"chamber","4","chambers","CC29_N04TAF","moderate_ozone",NA,NA,NA,NA,NA,NA,NA,NA,NA,NA,NA,NA,NA,NA,NA,NA,NA,NA,NA,NA,NA,NA,NA,NA,NA,NA,NA,NA,NA,NA,NA
"CC29","P2","C1","CC29_N04TBE","Abies religiosa","3D-291","GGCTATATAG",1,"chamber","4","chambers","CC29_N04TBE","moderate_ozone",NA,NA,NA,NA,NA,NA,NA,NA,NA,NA,NA,NA,NA,NA,NA,NA,NA,NA,NA,NA,NA,NA,NA,NA,NA,NA,NA,NA,NA,NA,NA
"CC30","P4","E10","CC30_N04TAF","Abies religiosa","3D-365","TGGCTCAAT",2,"chamber","4","chambers","CC30_N04TAF","moderate_ozone",NA,NA,NA,NA,NA,NA,NA,NA,NA,NA,NA,NA,NA,NA,NA,NA,NA,NA,NA,NA,NA,NA,NA,NA,NA,NA,NA,NA,NA,NA,NA
"CC30","P1","G6","CC30_N04TBE","Abies religiosa","3D-335","TCATGAACAG",1,"chamber","4","chambers","CC30_N04TBE","moderate_ozone",NA,NA,NA,NA,NA,NA,NA,NA,NA,NA,NA,NA,NA,NA,NA,NA,NA,NA,NA,NA,NA,NA,NA,NA,NA,NA,NA,NA,NA,NA,NA
"D1","P3","D8","D1_N07P01","Abies religiosa","3D-348","TACGTCAGCT",2,"D","7","1","D1_N07P01","forest","CX",1,"ozone","19.2901673","-99.2992237",3492.406982,"D",1,"10_cm",2.5,7,"10 to 40%",NA,NA,NA,NA,NA,NA,"closed",5,5,"no",NA,"cover",0,1,0,0,1,0,"yes"
"D127","P3","A8","D127_N06P35","Abies religiosa","3D-345","CCACATATTG",2,"D","6","35","D127_N06P35","forest","PN",35,"ozone","19.2958901","-99.3191856",3116.57251,"D",127,"2_cm",2,6,"50 to 70%",NA,NA,NA,NA,NA,NA,"closed",3,3,"no",NA,"cover",1,0,0,1,1,0,"yes"
"D142","P3","H9","D142_N14P38","Abies religiosa","3D-360","ATCCAAGCG",2,"D","14","38","D142_N14P38","forest","PN",38,"ozone","19.2833335","-99.316151",3228.881104,"D",142,"10_cm",8,14,"40 to 50%",NA,NA,NA,NA,NA,NA,"closed",9,2,"no",NA,"exposed",1,0,0,1,1,1,"no"
"D163","P2","G1","D163_N18P43","Abies religiosa","3D-295","AAGACG",1,"D","18","43","D163_N18P43","forest","PN",43,"ozone","19.2899041","-99.3166882",3177.008057,"D",163,"30_cm",11,18,"50 to 70%",NA,NA,NA,NA,NA,NA,"closed",18,5,"no",NA,"cover",1,1,0,1,1,1,"no"
"D168","P1","C1","D168_N19P47","Abies religiosa","3D-291","GGCTATATAG",1,"D","19","47","D168_N19P47","forest","CX",47,"ozone","19.2925075","-99.2952765",3484.84082,"D",168,"30_cm",8,19,"40 to 50%",NA,NA,NA,NA,NA,NA,"closed",16,6,"no",NA,"cover",1,1,0,0,1,1,"no"
"D17","P4","H6","D17_N10P04","Abies religiosa","3D-336","GTCGAAT",1,"D","10","4","D17_N10P04","forest","CX",4,"healthy","19.2923541","-99.2990785",3500.131836,"D",17,"2_cm",2.5,10,NA,NA,NA,NA,NA,NA,NA,"closed",5,4,"no",NA,"cover",1,1,0,0,1,1,"no"
"D172","P3","H6","D172_N10P48","Abies religiosa","3D-336","GTCGAAT",1,"D","10","48","D172_N10P48","forest","CX",48,"ozone","19.2925917","-99.2949421",3472.432373,"D",172,"10_cm",6,10,"50 to 70%",NA,NA,NA,NA,NA,NA,"closed",9,6,"no",NA,"cover",1,0,0,0,1,1,"no"
"D23","P2","A9","D23_N05P04","Abies religiosa","3D-353","GGTACCAT",2,"D","5","4","D23_N05P04","forest","CX",4,"ozone","19.292365","-99.2990874",3491.342041,"D",23,"2_cm",1.7,5,"50 to 70%",NA,NA,NA,NA,NA,NA,"closed",4,3,"no",NA,"exposed",1,0,0,0,1,1,"yes"
"D3","P1","B10","D3_07P01","Abies religiosa","3D-362","ATTCGGT",2,"D","7","1","D3_07P01","forest","CX",1,"healthy","19.2901373","-99.2991958",3490.396729,"D",3,"6_cm",2.7,7,NA,NA,NA,NA,NA,NA,NA,"closed",3,3,"no",NA,"exposed",0,1,0,0,1,0,"yes"
"D32","P1","F4","D32_N09P07","Abies religiosa","3D-318","CTCCGTTGT",1,"D","9","7","D32_N09P07","forest","CX",7,"healthy","19.2898034","-99.3030406",3499.697998,"D",32,"10_cm",6,9,NA,NA,NA,NA,NA,NA,NA,"closed",8,5,"no",NA,"exposed",1,0,0,0,1,1,"no"
"D65","P1","B5","D65_N07P18","Abies religiosa","3D-322","CTAACAACGT",1,"D","7","18","D65_N07P18","forest","CX",18,"healthy","19.2854915","-99.3021961",3461.674316,"D",65,"6_cm",2.5,7,NA,NA,NA,NA,NA,NA,NA,"closed",4,4,"no",NA,"cover",1,0,0,1,1,1,"no"
"D66","P4","A10","D66_N10P19","Abies religiosa","3D-361","GTCACGCCAT",2,"D","10","19","D66_N10P19","forest","CX",19,"ozone","19.2864665","-99.3048456",3446.597168,"D",66,"10_cm",10,10,"50 to 70%",NA,NA,NA,NA,NA,NA,"closed",8,5,"no",NA,"cover",1,0,0,1,1,1,"no"
"D7","P3","H1","D7_N08P01","Abies religiosa","3D-296","CCTGAT",1,"D","8","1","D7_N08P01","forest","CX",1,"healthy","19.2901956","-99.29914",3492.579102,"D",7,"10_cm",3,8,NA,NA,NA,NA,NA,NA,NA,"closed",5,4,"no",NA,"cover",1,1,0,0,1,0,"yes"
"D70","P1","D4","D70_N09P19","Abies religiosa","3D-316","AGCTAG",1,"D","9","19","D70_N09P19","forest","CX",19,"ozone","19.2865152","-99.3048588",3445.891846,"D",70,"6_cm",3,9,"40 to 50%",NA,NA,NA,NA,NA,NA,"closed",5,2,"no",NA,"exposed",1,0,0,1,1,1,"no"
"D72","P2","B11","D72_N13P19","Abies religiosa","3D-370","CGGACT",2,"D","13","19","D72_N13P19","forest","CX",19,"ozone","19.2866842","-99.3047682",3421.943115,"D",72,"10_cm",8,13,"50 to 70%",NA,NA,NA,NA,NA,NA,"closed",10,5,"no",NA,"exposed",1,0,0,1,1,1,"no"
"D73","P4","E1","D73_N07P19","Abies religiosa","3D-293","GAACGTTAG",1,"D","7","19","D73_N07P19","forest","CX",19,"ozone","19.2864851","-99.3048482",3454.411621,"D",73,"2_cm",2.5,7,"50 to 70%",NA,NA,NA,NA,NA,NA,"closed",6,4,"no",NA,"exposed",1,0,0,1,1,1,"no"
"E174","P3","H5","E174_N08P38","Abies religiosa","3D-328","GAATCATTGG",1,"E","8","38","E174_N08P38","forest","PN",38,"ozone","19.2833253","-99.3161053",3235.236073,"E",174,"6_cm",2.8,8,"10 to 40%",NA,NA,NA,NA,NA,NA,"closed",6,6,"no",NA,"cover",1,0,0,1,1,1,"no"
"E191","P4","B9","E191_NNAP43","Abies religiosa","3D-354","TCTTATTGCG",2,"E",NA,"43","E191_NNAP43","forest","PN",43,"ozone other","19.2897213","-99.3165276",3139.239374,"E",191,"30_cm",15,NA,"10 to 40%",NA,NA,NA,NA,NA,NA,"closed",21,17,"no",NA,"cover",1,0,0,0,0,0,"no"
"E192","P3","C1","E192_NNAP43","Abies religiosa","3D-291","GGCTATATAG",1,"E",NA,"43","E192_NNAP43","forest","PN",43,"ozone other","19.2895778","-99.3166797",3127.911259,"E",192,"40_cm",15,NA,"10 to 40%",NA,NA,NA,NA,NA,NA,"closed",24,16,"not_sure",NA,"cover",1,0,0,0,1,0,"no"
"E4","P1","H10","E4_N08P03","Abies religiosa","3D-368","AAGCCT",2,"E","8","3","E4_N08P03","forest","CX",3,"healthy","19.2905237","-99.299361",3475.416444,"E",4,"6_cm",2.8,8,NA,NA,NA,NA,NA,NA,NA,"closed",3,3,"no",NA,"cover",0,0,0,0,1,0,"yes"
"E67","P2","H3","E67_NNAP22","Abies religiosa","3D-312","ACAATCGAG",1,"E",NA,"22","E67_NNAP22","forest","CX",22,"ozone other","19.3021163","-99.2920197",3189.1556,"E",67,"40_cm",23,NA,"less than 10%",NA,NA,NA,NA,NA,NA,"closed",16,12,"not_sure",NA,"cover",1,0,0,0,0,0,"no"
"E72","P1","E8","E72_N06P67","Abies religiosa","3D-349","TTACCTCTAG",2,"E","6","27","E72_N06P67","forest","CX",27,"ozone fungi other","19.3078079","-99.2908109",2966.602319,"E",72,"1_cm",0.8,6,"less than 10%",NA,NA,NA,NA,NA,NA,"closed",3,2,"no",NA,"cover",1,0,0,0,0,1,"yes"
"E77","P1","A12","E77_NNAP28","Abies religiosa","3D-377","GAACTCGT",2,"E",NA,"28","E77_NNAP28","forest","CX",28,"ozone other","19.3021696","-99.2977593",3354.448311,"E",77,"40_cm",25,NA,"less than 10%",NA,NA,NA,NA,NA,NA,"closed",27,18,"not_sure",NA,"cover",1,0,0,0,0,0,"no"
"E83","P1","A10","E83_N13P29","Abies religiosa","3D-361","GTCACGCCAT",2,"E","13","29","E83_N13P29","forest","CX",29,"ozone other","19.3022668","-99.2984563",3373.101337,"E",83,"1_cm",0.8,13,"less than 10%",NA,NA,NA,NA,NA,NA,"closed",5,4,"no",NA,"cover",1,0,0,0,1,1,"no"
"F101","P4","A3","F101_N09P32","Abies religiosa","3D-305","ATGTGT",1,"F","9","32","F101_N09P32","forest","CX",32,"healthy","19.2980364","-99.3002656",3441.1,"F",101,"2_cm",2.2,9,NA,NA,NA,NA,NA,NA,NA,"not_visible",9,7,"no",NA,"exposed",1,0,0,1,1,1,"no"
"F101r","P4","F4","F101_N09P32","Abies religiosa","3D-318","CTCCGTTGT",1,"F","9","32","F101r_N09P32","forest",NA,NA,NA,NA,NA,NA,NA,NA,NA,NA,NA,NA,NA,NA,NA,NA,NA,NA,NA,NA,NA,NA,NA,NA,NA,NA,NA,NA,NA,NA,NA
"F109","P3","A2","F109_N11P32","Abies religiosa","3D-297","CGCCAATGT",1,"F","11","32","F109_N11P32","forest","CX",32,"ozone","19.2979713","-99.3002768",3432.2,"F",109,"6_cm",5,11,"10 to 40%",NA,NA,NA,NA,NA,NA,"not_visible",10,5,"no",NA,"exposed",1,0,0,1,1,1,"no"
"F111","P1","F11","F111_N11P32","Abies religiosa","3D-374","GGCAATG",2,"F","11","32","F111_N11P32","forest","CX",32,"healthy","19.2980324","-99.3001948",3461.6,"F",111,"6_cm",6,11,NA,NA,NA,NA,NA,NA,NA,"not_visible",8,4,"no",NA,"exposed",1,0,0,1,1,1,"no"
"F123","P4","D12","F123_N06P41","Abies religiosa","3D-380","ATAGACG",2,"F","6","41","F123_N06P41","forest","PN",41,"ozone","19.2749204","-99.3081016",3428,"F",123,"0.5_cm",0.9,6,"10 to 40%",NA,NA,NA,NA,NA,NA,"closed",3,2,"no",NA,"cover",1,0,0,1,1,0,"no"
"F131","P3","D4","F131_N11P43","Abies religiosa","3D-316","AGCTAG",1,"F","11","43","F131_N11P43","forest","PN",43,"ozone other","19.2902867","-99.3165553",3201,"F",131,"2_cm",2,11,"40 to 50%",NA,NA,NA,NA,NA,NA,"closed",5,2,"no",NA,"cover",1,1,0,1,1,1,"no"
"F134","P4","C5","F134_NNAP48","Abies religiosa","3D-323","TCGGATATCT",1,"F",NA,"48","F134_NNAP48","forest","CX",48,"healthy","19.2926351","-99.2949928",3475.6,"F",134,"30_cm",16,NA,NA,NA,NA,NA,NA,NA,NA,"not_visible",14,5,"no",NA,"exposed",1,0,0,0,1,1,"no"
"F138","P4","B5","F138_N07P48","Abies religiosa","3D-322","CTAACAACGT",1,"F","7","48","F138_N07P48","forest","CX",48,"healthy","19.2925361","-99.2946476",3456,"F",138,"1_cm",1.1,7,NA,NA,NA,NA,NA,NA,NA,"not_visible",5,4,"no",NA,"cover",1,0,0,0,1,1,"no"
"F139","P4","B10","F139_N05P48","Abies religiosa","3D-362","ATTCGGT",2,"F","5","48","F139_N05P48","forest","CX",48,"other","19.2923969","-99.2946342",3485.1,"F",139,"0.5_cm",0.6,5,NA,"50-70",0,0,0,1,0,"not_visible",3,0,"no",NA,"cover",1,0,0,0,1,1,"no"
"F2","P2","F12","F2_N08P01","Abies religiosa","3D-382","TTCGAGGAT",2,"F","8","1","F2_N08P01","forest","CX",1,"healthy","19.2903805","-99.2991172",3528.448388,"F",2,"2_cm",2.5,8,NA,NA,NA,NA,NA,NA,NA,"closed",3,3,"no",NA,"cover",0,0,0,0,1,0,"yes"
"F3","P1","H4","F3_N08P01","Abies religiosa","3D-320","TGACGTGGAT",1,"F","8","1","F3_N08P01","forest","CX",1,"ozone","19.2902275","-99.2992428",3517.130616,"F",3,"2_cm",2.5,8,"10 to 40%",NA,NA,NA,NA,NA,NA,"closed",4,3,"no",NA,"cover",0,0,0,1,1,0,"yes"
"F4","P2","A5","F4_N08P01","Abies religiosa","3D-321","TGAAGG",1,"F","8","1","F4_N08P01","forest","CX",1,"healthy","19.2903056","-99.299154",3507.165013,"F",4,"6_cm",3.5,8,NA,NA,NA,NA,NA,NA,NA,"closed",5,4,"no",NA,"cover",0,0,0,0,1,0,"yes"
"F67","P2","D7","F67_N09P18","Abies religiosa","3D-340","CGTTACTTGG",2,"F","9","18","F67_N09P18","forest","CX",18,"ozone",NA,NA,NA,"F",67,"10_cm",7,9,"40 to 50%",NA,NA,NA,NA,NA,NA,"closed",8,3,"no",NA,"exposed",1,0,0,1,1,0,"no"
"F68","P2","F8","F68_N07P18","Abies religiosa","3D-350","CAATACG",2,"F","7","18","F68_N07P18","forest","CX",18,"ozone",NA,NA,NA,"F",68,"2_cm",1.7,7,"10 to 40%",NA,NA,NA,NA,NA,NA,"closed",7,3,"no",NA,"cover",0,0,0,1,1,0,"no"
"G102","P2","H5","G102_NNAP33","Abies religiosa","3D-328","GAATCATTGG",1,"G",NA,"33","G102_NNAP33","forest","CX",33,"healthy",NA,NA,NA,"G",102,"30_cm",16,NA,NA,NA,NA,NA,NA,NA,NA,"closed",12,4,"no",NA,"exposed",1,0,0,1,0,0,"no"
"G112","P3","C10","G112_N07P35","Abies religiosa","3D-363","GCTGAAT",2,"G","7","35","G112_N07P35","forest","PN",35,"ozone",NA,NA,NA,"G",112,"2_cm",2.2,7,"10 to 40%",NA,NA,NA,NA,NA,NA,"closed",4,3,"no",NA,"cover",1,0,0,0,0,0,"yes"
"G12","P3","E7","G12_NNAP05","Abies religiosa","3D-341","CTTGTG",2,"G",NA,"5","G12_NNAP05","forest","CX",5,"healthy","19.2928579","-99.2991407",3481.8,"G",12,"40_cm",18,NA,NA,NA,NA,NA,NA,NA,NA,"closed",7,3,"not_sure",NA,"exposed",1,0,0,1,1,0,"no"
"G124","P1","B1","G124_N07P35","Abies religiosa","3D-290","TACTTGGAG",1,"G","7","35","G124_N07P35","forest","PN",35,"healthy",NA,NA,NA,"G",124,"2_cm",1.9,7,NA,NA,NA,NA,NA,NA,NA,"closed",3,2,"no",NA,"exposed",1,0,0,0,0,0,"yes"
"G126","P1","D12","G126_N13P39","Abies religiosa","3D-380","ATAGACG",2,"G","13","38","G126_N13P39","forest","PN",38,"ozone",NA,NA,NA,"G",126,"6_cm",5,13,"10 to 40%",NA,NA,NA,NA,NA,NA,"open",7,3,"no",NA,"cover",1,0,0,1,1,1,"no"
"G129","P2","F11","G129_N08P38","Abies religiosa","3D-374","GGCAATG",2,"G","8","38","G129_N08P38","forest","PN",38,"healthy",NA,NA,NA,"G",129,"0.5_cm",0.6,8,NA,NA,NA,NA,NA,NA,NA,"open",5,4,"no",NA,"cover",1,0,0,1,1,0,"no"
"G148","P1","B3","G148_N06P41","Abies religiosa","3D-306","CCATGT",1,"G","6","41","G148_N06P41","forest","PN",41,"healthy",NA,NA,NA,"G",148,"0.5_cm",0.6,6,NA,NA,NA,NA,NA,NA,NA,"closed",3,3,"no",NA,"exposed",1,0,0,0,0,1,"no"
"G162","P3","G9","G162_NAP48","Abies religiosa","3D-359","CACACGTAT",2,"G",NA,"48","G162_NAP48","forest","CX",48,"ozone",NA,NA,NA,"G",162,"30_cm",15,NA,"less than 10%",NA,NA,NA,NA,NA,NA,"closed",18,3,"yes","female","exposed",1,0,0,0,0,0,"no"
"G22","P1","F2","G22_N09P05","Abies religiosa","3D-302","TCTCCAGT",1,"G","9","5","G22_N09P05","forest","CX",5,"healthy",NA,NA,NA,"G",22,"10_cm",5.2,9,NA,NA,NA,NA,NA,NA,NA,"not_visible",9,7,"no",NA,"exposed",1,0,0,1,0,0,"no"
"G3","P4","G5","G3_N08P03","Abies religiosa","3D-327","GTCCAATCAG",1,"G","8","3","G3_N08P03","forest","CX",3,"healthy","19.2905556","-99.299445",3498.6,"G",3,"6_cm",2,8,NA,NA,NA,NA,NA,NA,NA,"closed",3,3,"no",NA,"cover",1,1,0,0,1,0,"yes"
"G52","P3","H12","G52_N11P15","Abies religiosa","3D-384","ACAGTTG",2,"G","11","15","G52_N11P15","forest","CX",15,"ozone","19.2932258","-99.3070139",3459.7,"G",52,"10_cm",9,11,"10 to 40%",NA,NA,NA,NA,NA,NA,"closed",9,4,"no",NA,"exposed",0,0,0,1,0,0,"no"
"G53","P4","F6","G53_N16P15","Abies religiosa","3D-334","GCGTTGAT",1,"G","16","15","G53_N16P15","forest","CX",15,"ozone","19.2932464","-99.3069856",3465.1,"G",53,"30_cm",14,16,"10 to 40%",NA,NA,NA,NA,NA,NA,"closed",12,3,"no",NA,"exposed",0,0,0,1,0,0,"no"
"G60","P3","E1","G60_N06P17","Abies religiosa","3D-293","GAACGTTAG",1,"G","6","17","G60_N06P17","forest","CX",17,"healthy","19.2850317","-99.30193",3482.8,"G",60,"1_cm",1.7,6,NA,NA,NA,NA,NA,NA,NA,"closed",3,2,"no",NA,"exposed",0,1,0,0,0,0,"no"
"G87","P1","D2","G87_ N13P30","Abies religiosa","3D-300","TGTTACCG",1,"G","13","30","G87_ N13P30","forest","CX",30,"ozone",NA,NA,NA,"G",87,"10_cm",7,13,"10 to 40%",NA,NA,NA,NA,NA,NA,"closed",10,5,"no",NA,"exposed",1,0,0,0,1,0,"no"
"H124","P1","C4","H124_N05P37","Abies religiosa","3D-315","AGGAAGCT",1,"H","5","37","H124_N05P37","forest","PN",37,"healthy","19.2837327","-99.3160479",3217.005127,"H",124,"0.5_cm",0.35,5,NA,NA,NA,NA,NA,NA,NA,"closed",3,3,"no",NA,"exposed",1,0,0,1,1,1,"no"
"H141","P3","G4","H141_N14P40","Abies religiosa","3D-319","TACCAGG",1,"H","14","40","H141_N14P40","forest","PN",40,"healthy","19.2744331","-99.3070892",3479.107666,"H",141,"30_cm",6,14,NA,NA,NA,NA,NA,NA,NA,"closed",10,7,"no",NA,"exposed",0,0,0,1,1,1,"no"
"H143","P4","H8","H143_N18P40","Abies religiosa","3D-352","CAGAAGTGT",2,"H","18","40","H143_N18P40","forest","PN",40,"healthy","19.2742886","-99.3070307",3465.496826,"H",143,"30_cm",9,18,NA,NA,NA,NA,NA,NA,NA,"closed",10,6,"no",NA,"exposed",0,1,0,1,1,1,"no"
"H147","P2","D4","H147_N07P40","Abies religiosa","3D-316","AGCTAG",1,"H","7","40","H147_N07P40","forest","PN",40,"ozone drougth other","19.2742979","-99.3068925",3460.116455,"H",147,"10_cm",6,7,"more than 70%",NA,NA,NA,NA,NA,NA,"closed",7,4,"no",NA,"cover",1,0,0,1,1,1,"no"
"H148","P4","D2","H148_N05P40","Abies religiosa","3D-300","TGTTACCG",1,"H","5","40","H148_N05P40","forest","PN",40,"healthy","19.2742861","-99.3069308",3471.493652,"H",148,"0.5_cm",0.35,5,NA,NA,NA,NA,NA,NA,NA,"open",3,3,"no",NA,"exposed",1,0,0,0,1,1,"no"
"H154","P3","F7","H154_N11P44","Abies religiosa","3D-342","TGTCCG",2,"H","11","44","H154_N11P44","forest","PN",44,"ozone fungi other","19.2893206","-99.3169642",3164.323242,"H",154,"2_cm",1.5,11,"more than 70%",NA,NA,NA,NA,NA,NA,"closed",8,2,"no",NA,"cover",0,0,0,0,1,1,"no"
"H2","P2","F1","H2_N09P02","Abies religiosa","3D-294","TCCTACG",1,"H","9","2","H2_N09P02","forest","CX",2,"healthy","19.2906699","-99.2990988",3508.605225,"H",2,"6_cm",3,9,NA,NA,NA,NA,NA,NA,NA,"closed",3,3,"no",NA,"cover",0,1,0,0,1,0,"yes"
"H20","P4","E11","H20N08P06","Abies religiosa","3D-373","AGGAGGT",2,"H","8","6","H20N08P06","forest","CX",6,"ozone","19.2926957","-99.2988308",3514.62915,"H",20,"2_cm",3,8,"40 to 50%",NA,NA,NA,NA,NA,NA,"closed",6,5,"no",NA,"cover",1,1,0,0,0,1,"yes"
"H3","P4","F3","H3_09P02","Abies religiosa","3D-310","TGCACTTG",1,"H","9","2","H3_09P02","forest","CX",2,"ozone","19.2905374","-99.2990127",3484.693604,"H",3,"6_cm",3.2,9,"10 to 40%",NA,NA,NA,NA,NA,NA,"closed",4,4,"no",NA,"exposed",0,1,0,0,0,1,"yes"
"H38","P1","H11","H38_NNAP09","Abies religiosa","3D-376","TTGAGT",2,"H",NA,"9","H38_NNAP09","forest","CX",9,"ozone","19.2909589","-99.3026164",3491.700195,"H",38,"40_cm",28,NA,"10 to 40%",NA,NA,NA,NA,NA,NA,"closed",25,4,"yes","female","exposed",1,0,0,0,1,1,"no"
"H65","P2","E4","H65_NNAP16","Abies religiosa","3D-317","TTGCTCCT",1,"H",NA,"16","H65_NNAP16","forest","CX",16,"ozone drougth","19.2858483","-99.3017626",3476.990479,"H",65,"30_cm",15,NA,"10 to 40%",NA,NA,NA,NA,NA,NA,"closed",11,8,"no",NA,"exposed",0,0,0,1,0,1,"no"
"I111","P1","G5","I111_NNAP39","Abies religiosa","3D-327","GTCCAATCAG",1,"I",NA,"39","I111_NNAP39","forest","PN",39,"ozone","19.28354336","-99.31662458",3247,"I",111,"40_cm",28,NA,"less than 10%",NA,NA,NA,NA,NA,NA,"closed",19,6,"yes","female","exposed",0,0,0,0,1,1,"no"
"I12","P3","B2","I12_N10P06","Abies religiosa","3D-298","CATAGT",1,"I","10","6","I12_N10P06","forest","CX",6,"ozone","19.29252502","-99.29895277",3474,"I",12,"6_cm",3.8,10,"40 to 50%",NA,NA,NA,NA,NA,NA,"closed",6,4,"no",NA,"cover",1,0,0,0,1,1,"yes"
"I14","P3","B4","I14_N08P06","Abies religiosa","3D-314","AACGATGGT",1,"I","8","6","I14_N08P06","forest","CX",6,"ozone","19.292514","-99.29895581",3493,"I",14,"6_cm",2.8,8,"40 to 50%",NA,NA,NA,NA,NA,NA,"closed",5,4,"no",NA,"cover",1,1,0,0,1,1,"yes"
"I16","P3","H10","I16_N08P06","Abies religiosa","3D-368","AAGCCT",2,"I","8","6","I16_N08P06","forest","CX",6,"ozone","19.29248695","-99.29880656",3497,"I",16,"6_cm",2.4,8,"40 to 50%",NA,NA,NA,NA,NA,NA,"closed",4,3,"no",NA,"cover",0,1,0,0,1,1,"yes"
"I6","P3","C12","I6_N05P06","Abies religiosa","3D-379","CCTACTATGT",2,"I","5","6","I6_N05P06","forest","CX",6,"ozone","19.29255364","-99.29898426",3495,"I",6,"1_cm",1.2,5,"10 to 40%",NA,NA,NA,NA,NA,NA,"closed",4,3,"no",NA,"cover",1,1,0,1,1,0,"no"
"I65","P2","C6","I65_N23P24","Abies religiosa","3D-331","ACGGAGT",1,"I","23","24","I65_N23P24","forest","CX",24,"ozone drougth other","19.30196917","-99.29249105",3152,"I",65,"30_cm",12,23,"10 to 40%",NA,NA,NA,NA,NA,NA,"closed",18,4,"no",NA,"exposed",0,0,0,1,1,1,"no"
"I71","P1","D9","I71_NNAP25","Abies religiosa","3D-356","TACTCGGAT",2,"I",NA,"25","I71_NNAP25","forest","CX",25,"ozone","19.30678071","-99.29122205",3006,"I",71,"40_cm",22,NA,"10 to 40%",NA,NA,NA,NA,NA,NA,"closed",18,4,"no",NA,"exposed",0,0,0,1,1,1,"no"
"I83","P3","D5","I83_N09P31","Abies religiosa","3D-324","CTTAGAG",1,"I","9","31","I83_N09P31","forest","CX",31,"ozone","19.29834543","-99.29947498",3433,"I",83,"6_cm",3.5,9,"10 to 40%",NA,NA,NA,NA,NA,NA,"closed",5,4,"no",NA,"exposed",0,0,0,1,1,0,"yes"
"I93","P1","D11","I93_N05P31","Abies religiosa","3D-372","AGCTCAT",2,"I","5","31","I93_N05P31","forest","CX",31,"healthy","19.29840408","-99.29964044",3420,"I",93,"0.5_cm",0.4,5,NA,NA,NA,NA,NA,NA,NA,"closed",3,3,"no",NA,"cover",0,0,0,1,1,1,"no"
"I96","P4","D11","I96_N10P34","Abies religiosa","3D-372","AGCTCAT",2,"I","10","34","I96_N10P34","forest","PN",34,"ozone drougth","19.2952904","-99.31956802",3100,"I",96,"6_cm",5,10,"10 to 40%",NA,NA,NA,NA,NA,NA,"closed",7,4,"no",NA,"exposed",1,0,0,1,1,1,"no"
"I96r","P2","F2","I96r_N10P34","Abies religiosa","3D-302","TCTCCAGT",1,"I","10","34","I96r_N10P34","forest",NA,NA,NA,NA,NA,NA,NA,NA,NA,NA,NA,NA,NA,NA,NA,NA,NA,NA,NA,NA,NA,NA,NA,NA,NA,NA,NA,NA,NA,NA,NA
"J11","P4","B2","J11_N05P04","Abies religiosa","3D-298","CATAGT",1,"J","5","4","J11_N05P04","forest","CX",4,"healthy","19.2924107","-99.29936",3423,"J",11,"2_cm",3,5,NA,NA,NA,NA,NA,NA,NA,"closed",5,4,"no",NA,"cover",0,0,0,1,1,0,"yes"
"J33","P3","E12","J33_N04P10","Abies religiosa","3D-381","AGTCACTG",2,"J","4","10","J33_N04P10","forest","CX",10,"ozone other","19.290443","-99.3062729",3478,"J",33,"1_cm",1.25,4,"10 to 40%",NA,NA,NA,NA,NA,NA,"closed",4,3,"no",NA,"cover",1,0,0,1,1,1,"no"
"J35","P4","C1","J35_N05P10","Abies religiosa","3D-291","GGCTATATAG",1,"J","5","10","J35_N05P10","forest","CX",10,"healthy","19.2904249","-99.3063016",3483,"J",35,"1_cm",0.95,5,NA,NA,NA,NA,NA,NA,NA,"closed",5,4,"no",NA,"cover",1,0,0,1,1,1,"no"
"J58","P2","D5","J58_N06P13","Abies religiosa","3D-324","CTTAGAG",1,"J","6","13","J58_N06P13","forest","CX",13,"healthy","19.2920374","-99.306581",3452,"J",58,"6_cm",4,6,NA,NA,NA,NA,NA,NA,NA,"closed",4,4,"no",NA,"cover",1,0,1,1,1,1,"yes"
"J62","P4","F2","J62_NNAP18","Abies religiosa","3D-302","TCTCCAGT",1,"J",NA,"18","J62_NNAP18","forest","CX",18,"healthy","19.2854955","-99.3021737",3458,"J",62,"30_cm",15,NA,NA,NA,NA,NA,NA,NA,NA,"closed",9,7,"no",NA,"exposed",1,1,0,1,1,1,"no"
"J75","P1","F8","J75_N06P20","Abies religiosa","3D-350","CAATACG",2,"J","6","20","J75_N06P20","forest","CX",20,"ozone other","19.2867989","-99.3046974",3449,"J",75,"6_cm",7,6,"less than 10%",NA,NA,NA,NA,NA,NA,"closed",2,2,"no",NA,"cover",1,0,0,1,1,1,"no"
"J90","P2","B3","J90_NNAP28","Abies religiosa","3D-306","CCATGT",1,"J",NA,"28","J90_NNAP28","forest","CX",28,"healthy","19.3018375","-99.297833",3324,"J",90,"40_cm",28,NA,NA,NA,NA,NA,NA,NA,NA,"closed",5,4,"no",NA,"exposed",1,0,0,1,1,1,"no"
"K1","P4","D7","K1_N08P03","Abies religiosa","3D-340","CGTTACTTGG",2,"K","8","3","K1_N08P03","forest","CX",3,"ozone","19.2904802","-99.2993526",3489.2,"K",1,"6_cm",3.5,8,"10 to 40%",NA,NA,NA,NA,NA,NA,"closed",4,4,"no",NA,"cover",0,1,0,0,0,0,"yes"
"K100","P2","C12","K100_N12P33","Abies religiosa","3D-379","CCTACTATGT",2,"K","12","33","K100_N12P33","forest","CX",33,"healthy","19.2987685","-99.2994801",3428.8,"K",100,"10_cm",8,12,NA,NA,NA,NA,NA,NA,NA,"closed",9,7,"no",NA,"cover",1,0,0,0,0,0,"no"
"K104","P1","B9","K104_N03P42","Abies religiosa","3D-354","TCTTATTGCG",2,"K","3","42","K104_N03P42","forest","PN",42,"healthy","19.275495","-99.3072183",3423.6,"K",104,"0.5_cm",0.5,3,NA,NA,NA,NA,NA,NA,NA,"open",2,2,"no",NA,"cover",0,0,0,0,0,1,"no"
"K118","P3","G8","K118_NNAP45","Abies religiosa","3D-351","GCGACT",2,"K",NA,"45","K118_NNAP45","forest","PN",45,"healthy","19.2890461","-99.3162067",3168.7,"K",118,"40_cm",18,NA,NA,NA,NA,NA,NA,NA,NA,"closed",9,6,"no",NA,"exposed",0,0,0,0,0,1,"no"
"K122","P2","C5","K122_N10P47","Abies religiosa","3D-323","TCGGATATCT",1,"K","10","47","K122_N10P47","forest","CX",47,"healthy","19.2924185","-99.2952587",3475,"K",122,"10_cm",4.5,10,NA,NA,NA,NA,NA,NA,NA,"closed",8,8,"no",NA,"exposed",0,0,0,0,1,0,"no"
"K124","P2","G5","K124_N13P48","Abies religiosa","3D-327","GTCCAATCAG",1,"K","13","48","K124_N13P48","forest","CX",48,"healthy","19.2926312","-99.2949485",3483.7,"K",124,"10_cm",4,13,NA,NA,NA,NA,NA,NA,NA,"closed",8,7,"no",NA,"cover",0,0,0,0,1,0,"no"
"K23","P4","E7","K23_N08P05","Abies religiosa","3D-341","CTTGTG",2,"K","8","5","K23_N08P05","forest","CX",5,"ozone","19.2927085","-99.2992139",3499.8,"K",23,"6_cm",3,8,"10 to 40%",NA,NA,NA,NA,NA,NA,"closed",4,4,"no",NA,"exposed",1,0,0,0,0,0,"no"
"K29","P3","G5","K29_N07P08","Abies religiosa","3D-327","GTCCAATCAG",1,"K","7","8","K29_N07P08","forest","CX",8,"healthy","19.2903424","-99.3031793",3513.4,"K",29,"2_cm",2.5,7,NA,NA,NA,NA,NA,NA,NA,"closed",4,4,"no",NA,"exposed",0,0,0,0,1,0,"no"
"K3","P3","E5","K3_N08P03","Abies religiosa","3D-325","TTGCCAAG",1,"K","8","3","K3_N08P03","forest","CX",3,"healthy","19.2904381","-99.299344",3514.2,"K",3,"6_cm",3,8,NA,NA,NA,NA,NA,NA,NA,"closed",4,4,"no",NA,"cover",0,1,0,0,0,0,"yes"
"K30","P2","F5","K30_N11P08","Abies religiosa","3D-326","CTGCGT",1,"K","11","8","K30_N11P08","forest","CX",8,"healthy","19.2903958","-99.3029892",3513.9,"K",30,"10_cm",5,11,NA,NA,NA,NA,NA,NA,NA,"closed",8,8,"no",NA,"cover",0,1,0,0,0,0,"no"
"K41","P4","C4","K41_N14P11","Abies religiosa","3D-315","AGGAAGCT",1,"K","14","11","K41_N14P11","forest","CX",11,"ozone","19.2907983","-99.3066647",3475,"K",41,"30_cm",9,14,"10 to 40%",NA,NA,NA,NA,NA,NA,"closed",9,7,"no",NA,"exposed",0,0,0,0,0,1,"no"
"K45","P1","C2","K45_NN1P11","Abies religiosa","3D-299","GACGAT",1,"K",NA,"11","K45_NNAP11","forest","CX",11,"healthy","19.2908864","-99.3066622",3487.3,"K",45,"40_cm",35,NA,NA,NA,NA,NA,NA,NA,NA,"closed",10,7,"yes","female","exposed",0,0,0,0,0,1,"no"
"K49","P2","A10","K49_N13P11","Abies religiosa","3D-361","GTCACGCCAT",2,"K","13","11","K49_N13P11","forest","CX",11,"ozone","19.2907147","-99.3067021",3500.3,"K",49,"10_cm",8,13,"10 to 40%",NA,NA,NA,NA,NA,NA,"closed",9,8,"no",NA,"exposed",0,0,0,0,1,0,"no"
"K51","P4","A4","K51_14P11","Abies religiosa","3D-313","ATACCG",1,"K","14","11","K51_14P11","forest","CX",11,"healthy","19.2906995","-99.3066076",3490.7,"K",51,"10_cm",9,14,NA,NA,NA,NA,NA,NA,NA,"closed",10,8,"no",NA,"exposed",1,0,0,0,0,1,"no"
"K52","P2","C2","K52_N11P11","Abies religiosa","3D-299","GACGAT",1,"K","11","11","K52_N11P11","forest","CX",11,"ozone","19.2906898","-99.3066378",3492.7,"K",52,"10_cm",6,11,"10 to 40%",NA,NA,NA,NA,NA,NA,"closed",9,8,"no",NA,"exposed",0,0,0,0,1,0,"no"
"K52r","P3","B5","K52r_N11P11","Abies religiosa","3D-322","CTAACAACGT",1,"K","11","11","K52r_N11P11","forest",NA,NA,NA,NA,NA,NA,NA,NA,NA,NA,NA,NA,NA,NA,NA,NA,NA,NA,NA,NA,NA,NA,NA,NA,NA,NA,NA,NA,NA,NA,NA
"K56","P4","A12","K56_N16P15","Abies religiosa","3D-377","GAACTCGT",2,"K","16","15","K56_N16P15","forest","CX",15,"healthy","19.2931952","-99.3069188",3464.5,"K",56,"30_cm",10,16,NA,NA,NA,NA,NA,NA,NA,"closed",10,9,"no",NA,"exposed",0,0,0,0,1,0,"no"
"K6","P2","H10","K6_N03P03","Abies religiosa","3D-368","AAGCCT",2,"K","3","3","K6_N03P03","forest","CX",3,"ozone","19.2905544","-99.2993487",3505.4,"K",6,"2_cm",0.8,3,"10 to 40%",NA,NA,NA,NA,NA,NA,"closed",2,2,"no",NA,"exposed",1,1,0,0,1,0,"no"
"K62","P4","E9","K62_N09P17","Abies religiosa","3D-357","CTATTCGG",2,"K","9","17","K62_N09P17","forest","CX",17,"ozone","19.2850748","-99.3019593",3491.3,"K",62,"10_cm",5,9,"40 to 50%",NA,NA,NA,NA,NA,NA,"closed",7,6,"no",NA,"exposed",0,0,0,0,1,0,"no"
"K63","P2","D2","K63_N07P17","Abies religiosa","3D-300","TGTTACCG",1,"K","7","17","K63_N07P17","forest","CX",17,"ozone","19.2850612","-99.301919",3484.2,"K",63,"10_cm",5,7,"10 to 40%",NA,NA,NA,NA,NA,NA,"closed",6,6,"no",NA,"exposed",0,0,0,0,1,0,"no"
"K69","P4","G3","K69_N10P20","Abies religiosa","3D-311","GAATATCAGG",1,"K","10","20","K69_N10P20","forest","CX",20,"healthy","19.2867195","-99.3047576",3477.3,"K",69,"6_cm",4,10,NA,NA,NA,NA,NA,NA,NA,"open",7,5,"no",NA,"cover",1,0,0,0,0,0,"no"
"K7","P3","F2","K7_N03P03","Abies religiosa","3D-302","TCTCCAGT",1,"K","3","3","K7_N03P03","forest","CX",3,"healthy","19.2905396","-99.2992864",3506.9,"K",7,"1_cm",0.6,3,NA,NA,NA,NA,NA,NA,NA,"closed",2,2,"no",NA,"exposed",1,1,0,0,1,0,"no"
"K70","P1","F9","K70_N09P20","Abies religiosa","3D-358","CTGAACT",2,"K","9","20","K70_N09P20","forest","CX",20,"healthy","19.2867904","-99.3047826",3477.1,"K",70,"6_cm",5,9,NA,NA,NA,NA,NA,NA,NA,"open",8,7,"no",NA,"cover",1,0,0,0,0,0,"no"
"K71","P1","F5","K71_N12P20","Abies religiosa","3D-326","CTGCGT",1,"K","12","20","K71_N12P20","forest","CX",20,"healthy","19.2869069","-99.3046952",3472.7,"K",71,"10_cm",8,12,NA,NA,NA,NA,NA,NA,NA,"open",6,4,"no",NA,"cover",1,0,0,0,0,0,"no"
"K74","P2","H8","K74_NNAP23","Abies religiosa","3D-352","CAGAAGTGT",2,"K",NA,"23","K74_NNAP23","forest","CX",23,"healthy","19.3020521","-99.2921064",3177.8,"K",74,"30_cm",30,NA,NA,NA,NA,NA,NA,NA,NA,"open",12,6,"no",NA,"cover",1,0,0,0,0,0,"no"
"K78","P4","C11","K78_N05P26","Abies religiosa","3D-371","AAGTGG",2,"K","5","26","K78_N05P26","forest","CX",26,"healthy","19.3075604","-99.2906852",3071.2,"K",78,"1_cm",1.3,5,NA,NA,NA,NA,NA,NA,NA,"closed",4,4,"no",NA,"exposed",0,0,0,0,0,1,"yes"
"K94","P3","F12","K94_N08P29","Abies religiosa","3D-382","TTCGAGGAT",2,"K","8","29","K94_N08P29","forest","CX",29,"healthy","19.3021534","-99.298386",3369.8,"K",94,"2_cm",2,8,NA,NA,NA,NA,NA,NA,NA,"open",7,5,"no",NA,"cover",1,0,0,0,0,0,"no"
"K96","P4","H10","K96_N13P33","Abies religiosa","3D-368","AAGCCT",2,"K","13","33","K96_N13P33","forest","CX",33,"healthy","19.2988868","-99.2994267",3431.8,"K",96,"10_cm",7,13,NA,NA,NA,NA,NA,NA,NA,"closed",8,7,"no",NA,"exposed",0,0,0,0,0,1,"no"
"K98","P1","F1","K98_N12P33","Abies religiosa","3D-294","TCCTACG",1,"K","12","33","K98_N12P33","forest","CX",33,"ozone","19.2988165","-99.2993788",3429.1,"K",98,"10_cm",8,12,"10 to 40%",NA,NA,NA,NA,NA,NA,"closed",8,7,"no",NA,"exposed",1,0,0,0,0,0,"no"
"L16","P4","A9","L16_N11P05","Abies religiosa","3D-353","GGTACCAT",2,"L","11","5","L16_N11P05","forest","CX",5,"healthy","19.2927816","-99.2992785",3484,"L",16,"10_cm",5,11,NA,NA,NA,NA,NA,NA,NA,"closed",6,4,"no",NA,"cover",1,0,1,0,0,0,"no"
"L88","P1","H1","L88_N09P33","Abies religiosa","3D-296","CCTGAT",1,"L","9","33","L88_N09P33","forest","CX",33,"ozone","19.2988959","-99.2994471",3409,"L",88,"10_cm",7,9,"10 to 40%",NA,NA,NA,NA,NA,NA,"closed",7,7,"no",NA,"cover",1,0,0,1,0,0,"no"
"M12","P2","A2","M12_NNAP14","Abies religiosa","3D-297","CGCCAATGT",1,"M",NA,"14","M12_NNAP14","forest","CX",14,"healthy","19.2920608","-99.306145",3376.922636,"M",12,"10_cm",16,NA,NA,NA,NA,NA,NA,NA,NA,"closed",20,4,"no",NA,"cover",1,0,0,1,1,1,"no"
"M13","P3","C8","M13_NNAP20","Abies religiosa","3D-347","GGAAGTG",2,"M",NA,"20","M13_NNAP20","forest","CX",20,"ozone","19.2867852","-99.3045852",3437.662109,"M",13,"10_cm",15,NA,"10 to 40%",NA,NA,NA,NA,NA,NA,"closed",7,4,"no",NA,"exposed",1,0,0,0,0,0,"no"
"M18","P3","G10","M18_N13P29","Abies religiosa","3D-367","TGGTTCT",2,"M","13","29","M18_N13P29","forest","CX",29,"healthy","19.3022877","-99.298493",3380.932272,"M",18,"0.5_cm",0.6,13,NA,NA,NA,NA,NA,NA,NA,"closed",6,3,"no",NA,"cover",1,0,0,0,0,0,"no"
"M26","P4","B1","M26_NNAP34","Abies religiosa","3D-290","TACTTGGAG",1,"M",NA,"34","M26_NNAP34","forest","PN",34,"ozone","19.2953593","-99.3193402",3076.410592,"M",26,"40_cm",40,NA,"40 to 50%",NA,NA,NA,NA,NA,NA,"closed",20,7,"yes","male","exposed",1,0,0,0,0,0,"no"
"M29","P2","E6","M29_N15P34","Abies religiosa","3D-333","CATGAG",1,"M","15","34","M29_N15P34","forest","PN",34,"healthy","19.2950415","-99.3196234",2983.846794,"M",29,"10_cm",12,15,NA,NA,NA,NA,NA,NA,NA,"closed",7,3,"no",NA,"cover",1,0,0,0,0,0,"no"
"M35","P4","G2","M35_N10P39","Abies religiosa","3D-303","TACAGT",1,"M","10","39","M35_N10P39","forest","PN",39,"healthy","19.2836774","-99.3166136",3196.301712,"M",35,"2_cm",3.5,10,NA,NA,NA,NA,NA,NA,NA,"closed",4,3,"no",NA,"cover",1,1,0,0,0,0,"no"
"M39","P4","G9","M39_N13P42","Abies religiosa","3D-359","CACACGTAT",2,"M","13","42","M39_N13P42","forest","PN",42,"healthy","19.2747656","-99.3078924",3379.562974,"M",39,"2_cm",1.1,13,NA,NA,NA,NA,NA,NA,NA,"closed",8,5,"no",NA,"cover",1,0,0,1,1,0,"no"
"PP1","P3","F4","PP1_NNAP01","Abies religiosa","3D-318","CTCCGTTGT",1,"PP",NA,"1","PP1_NNAP01","potential_mother","PP",1,"healthy","19.2916756","-99.2988853",3467,"PP",1,"40_cm",22,NA,NA,NA,NA,NA,NA,NA,NA,"closed",7,3,"yes","female","exposed",1,1,0,1,1,1,"no"
"PP2","P1","A9","PP2_NNAP01","Abies religiosa","3D-353","GGTACCAT",2,"PP",NA,"1","PP2_NNAP01","potential_mother","PP",1,"healthy","19.2918211","-99.2990105",3453,"PP",2,"40_cm",18,NA,NA,NA,NA,NA,NA,NA,NA,"closed",8,4,"yes","female","exposed",1,1,0,1,1,1,"no"
"PP3","P1","E5","PP3_NNAP01","Abies religiosa","3D-325","TTGCCAAG",1,"PP",NA,"1","PP3_NNAP01","potential_mother","PP",1,"ozone other","19.2917627","-99.2988969",3487,"PP",3,"40_cm",15,NA,"less than 10%",NA,NA,NA,NA,NA,NA,"closed",9,4,"no",NA,"exposed",1,1,0,1,1,1,"no"
"PP4","P4","C3","PP4_NNAP01","Abies religiosa","3D-307","TTATAGCCG",1,"PP",NA,"1","PP4_NNAP01","potential_mother","PP",1,"healthy","19.2915411","-99.2988987",3494,"PP",4,"40_cm",21,NA,NA,NA,NA,NA,NA,NA,NA,"closed",7,4,"no",NA,"exposed",1,1,0,1,1,1,"no"
"PP5","P2","B8","PP5_NNAP01","Abies religiosa","3D-346","TTAGTTACGG",2,"PP",NA,"1","PP5_NNAP01","potential_mother","PP",1,"healthy","19.2914756","-99.2991918",3497,"PP",5,"40_cm",20,NA,NA,NA,NA,NA,NA,NA,NA,"closed",8,4,"yes","female","exposed",1,1,0,1,1,1,"no"
"VD01","P3","G3","VD01_17","Abies religiosa","3D-311","GAATATCAGG",1,"VD",NA,NA,"VD01_bud","symptomatic_transcriptomic",NA,NA,NA,"19.285","-99.301",NA,NA,NA,NA,NA,NA,NA,NA,NA,NA,NA,NA,NA,NA,NA,NA,NA,NA,NA,NA,NA,NA,NA,NA,NA,NA
"VD01","P2","D9","VD01_1516","Abies religiosa","3D-356","TACTCGGAT",2,"VD",NA,NA,"VD01_transcriptomic","symptomatic_transcriptomic",NA,NA,NA,"19.285","-99.301",NA,NA,NA,NA,NA,NA,NA,NA,NA,NA,NA,NA,NA,NA,NA,NA,NA,NA,NA,NA,NA,NA,NA,NA,NA,NA
"VD01","P1","G7","VD01_16","Abies religiosa","3D-343","GTTCGT",2,"VD",NA,NA,"VD01_oneyear","symptomatic_transcriptomic",NA,NA,NA,"19.285","-99.301",NA,NA,NA,NA,NA,NA,NA,NA,NA,NA,NA,NA,NA,NA,NA,NA,NA,NA,NA,NA,NA,NA,NA,NA,NA,NA
"VD02","P4","A11","VD02_1516","Abies religiosa","3D-369","CAGCATG",2,"VD",NA,NA,"VD02_transcriptomic","symptomatic_transcriptomic",NA,NA,NA,"19.285","-99.301",NA,NA,NA,NA,NA,NA,NA,NA,NA,NA,NA,NA,NA,NA,NA,NA,NA,NA,NA,NA,NA,NA,NA,NA,NA,NA
"VD02","P4","E3","VD02_17","Abies religiosa","3D-309","CGTGTTGT",1,"VD",NA,NA,"VD02_bud","symptomatic_transcriptomic",NA,NA,NA,"19.285","-99.301",NA,NA,NA,NA,NA,NA,NA,NA,NA,NA,NA,NA,NA,NA,NA,NA,NA,NA,NA,NA,NA,NA,NA,NA,NA,NA
"VD02","P2","B2","VD02_16","Abies religiosa","3D-298","CATAGT",1,"VD",NA,NA,"VD02_oneyear","symptomatic_transcriptomic",NA,NA,NA,"19.285","-99.301",NA,NA,NA,NA,NA,NA,NA,NA,NA,NA,NA,NA,NA,NA,NA,NA,NA,NA,NA,NA,NA,NA,NA,NA,NA,NA
"VD03","P4","B8","VD03_1516","Abies religiosa","3D-346","TTAGTTACGG",2,"VD",NA,NA,"VD03_transcriptomic","symptomatic_transcriptomic",NA,NA,NA,"19.285","-99.301",NA,NA,NA,NA,NA,NA,NA,NA,NA,NA,NA,NA,NA,NA,NA,NA,NA,NA,NA,NA,NA,NA,NA,NA,NA,NA
"VD03","P1","H9","VD03_17","Abies religiosa","3D-360","ATCCAAGCG",2,"VD",NA,NA,"VD03_bud","symptomatic_transcriptomic",NA,NA,NA,"19.285","-99.301",NA,NA,NA,NA,NA,NA,NA,NA,NA,NA,NA,NA,NA,NA,NA,NA,NA,NA,NA,NA,NA,NA,NA,NA,NA,NA
"VD03","P3","H4","VD03_16","Abies religiosa","3D-320","TGACGTGGAT",1,"VD",NA,NA,"VD03_oneyear","symptomatic_transcriptomic",NA,NA,NA,"19.285","-99.301",NA,NA,NA,NA,NA,NA,NA,NA,NA,NA,NA,NA,NA,NA,NA,NA,NA,NA,NA,NA,NA,NA,NA,NA,NA,NA
"VD04","P4","B11","VD04_1516","Abies religiosa","3D-370","CGGACT",2,"VD",NA,NA,"VD04_transcriptomic","symptomatic_transcriptomic",NA,NA,NA,"19.285","-99.301",NA,NA,NA,NA,NA,NA,NA,NA,NA,NA,NA,NA,NA,NA,NA,NA,NA,NA,NA,NA,NA,NA,NA,NA,NA,NA
"VD04","P2","H1","VD04_17","Abies religiosa","3D-296","CCTGAT",1,"VD",NA,NA,"VD04_bud","symptomatic_transcriptomic",NA,NA,NA,"19.285","-99.301",NA,NA,NA,NA,NA,NA,NA,NA,NA,NA,NA,NA,NA,NA,NA,NA,NA,NA,NA,NA,NA,NA,NA,NA,NA,NA
"VD04","P4","C10","VD04_16","Abies religiosa","3D-363","GCTGAAT",2,"VD",NA,NA,"VD04_oneyear","symptomatic_transcriptomic",NA,NA,NA,"19.285","-99.301",NA,NA,NA,NA,NA,NA,NA,NA,NA,NA,NA,NA,NA,NA,NA,NA,NA,NA,NA,NA,NA,NA,NA,NA,NA,NA
"VD05","P1","B12","VD05_16","Abies religiosa","3D-378","GCCTTAGCCT",2,"VD",NA,NA,"VD05_oneyear","symptomatic_transcriptomic",NA,NA,NA,"19.285","-99.301",NA,NA,NA,NA,NA,NA,NA,NA,NA,NA,NA,NA,NA,NA,NA,NA,NA,NA,NA,NA,NA,NA,NA,NA,NA,NA
"VD05","P3","B3","VD05_17","Abies religiosa","3D-306","CCATGT",1,"VD",NA,NA,"VD05_bud","symptomatic_transcriptomic",NA,NA,NA,"19.285","-99.301",NA,NA,NA,NA,NA,NA,NA,NA,NA,NA,NA,NA,NA,NA,NA,NA,NA,NA,NA,NA,NA,NA,NA,NA,NA,NA
"VD05","P2","C3","VD05_1516","Abies religiosa","3D-307","TTATAGCCG",1,"VD",NA,NA,"VD05_transcriptomic","symptomatic_transcriptomic",NA,NA,NA,"19.285","-99.301",NA,NA,NA,NA,NA,NA,NA,NA,NA,NA,NA,NA,NA,NA,NA,NA,NA,NA,NA,NA,NA,NA,NA,NA,NA,NA
"VS01","P2","G10","VS01_1516","Abies religiosa","3D-367","TGGTTCT",2,"VS",NA,NA,"VS01_transcriptomic","assyntomatic_transcriptomic",NA,NA,NA,"19.285","-99.301",NA,NA,NA,NA,NA,NA,NA,NA,NA,NA,NA,NA,NA,NA,NA,NA,NA,NA,NA,NA,NA,NA,NA,NA,NA,NA
"VS01","P4","D1","VS01_17","Abies religiosa","3D-292","TACTCCGT",1,"VS",NA,NA,"VS01_bud","assyntomatic_transcriptomic",NA,NA,NA,"19.285","-99.301",NA,NA,NA,NA,NA,NA,NA,NA,NA,NA,NA,NA,NA,NA,NA,NA,NA,NA,NA,NA,NA,NA,NA,NA,NA,NA
"VS01","P2","H7","VS01_16","Abies religiosa","3D-344","TACGTGCGAT",2,"VS",NA,NA,"VS01_oneyear","assyntomatic_transcriptomic",NA,NA,NA,"19.285","-99.301",NA,NA,NA,NA,NA,NA,NA,NA,NA,NA,NA,NA,NA,NA,NA,NA,NA,NA,NA,NA,NA,NA,NA,NA,NA,NA
"VS02","P3","C6","VS02_16","Abies religiosa","3D-331","ACGGAGT",1,"VS",NA,NA,"VS02_oneyear","assyntomatic_transcriptomic",NA,NA,NA,"19.285","-99.301",NA,NA,NA,NA,NA,NA,NA,NA,NA,NA,NA,NA,NA,NA,NA,NA,NA,NA,NA,NA,NA,NA,NA,NA,NA,NA
"VS02","P1","D1","VS02_17","Abies religiosa","3D-292","TACTCCGT",1,"VS",NA,NA,"VS02_bud","assyntomatic_transcriptomic",NA,NA,NA,"19.285","-99.301",NA,NA,NA,NA,NA,NA,NA,NA,NA,NA,NA,NA,NA,NA,NA,NA,NA,NA,NA,NA,NA,NA,NA,NA,NA,NA
"VS02","P4","G6","VS02_1516","Abies religiosa","3D-335","TCATGAACAG",1,"VS",NA,NA,"VS02_transcriptomic","assyntomatic_transcriptomic",NA,NA,NA,"19.285","-99.301",NA,NA,NA,NA,NA,NA,NA,NA,NA,NA,NA,NA,NA,NA,NA,NA,NA,NA,NA,NA,NA,NA,NA,NA,NA,NA
"VS03","P4","F10","VS03_16","Abies religiosa","3D-366","CGTAGAT",2,"VS",NA,NA,"VS03_oneyear","assyntomatic_transcriptomic",NA,NA,NA,"19.285","-99.301",NA,NA,NA,NA,NA,NA,NA,NA,NA,NA,NA,NA,NA,NA,NA,NA,NA,NA,NA,NA,NA,NA,NA,NA,NA,NA
"VS03","P3","B8","VS03_1516","Abies religiosa","3D-346","TTAGTTACGG",2,"VS",NA,NA,"VS03_transcriptomic","assyntomatic_transcriptomic",NA,NA,NA,"19.285","-99.301",NA,NA,NA,NA,NA,NA,NA,NA,NA,NA,NA,NA,NA,NA,NA,NA,NA,NA,NA,NA,NA,NA,NA,NA,NA,NA
"VS03","P2","E1","VS03_17","Abies religiosa","3D-293","GAACGTTAG",1,"VS",NA,NA,"VS03_bud","assyntomatic_transcriptomic",NA,NA,NA,"19.285","-99.301",NA,NA,NA,NA,NA,NA,NA,NA,NA,NA,NA,NA,NA,NA,NA,NA,NA,NA,NA,NA,NA,NA,NA,NA,NA,NA
"VS04","P1","A3","VS04_1416","Abies religiosa","3D-305","ATGTGT",1,"VS",NA,NA,"VS04_oneyear","assyntomatic_transcriptomic",NA,NA,NA,"19.285","-99.301",NA,NA,NA,NA,NA,NA,NA,NA,NA,NA,NA,NA,NA,NA,NA,NA,NA,NA,NA,NA,NA,NA,NA,NA,NA,NA
"VS04","P3","F11","VS04_1516","Abies religiosa","3D-374","GGCAATG",2,"VS",NA,NA,"VS04_transcriptomic","assyntomatic_transcriptomic",NA,NA,NA,"19.285","-99.301",NA,NA,NA,NA,NA,NA,NA,NA,NA,NA,NA,NA,NA,NA,NA,NA,NA,NA,NA,NA,NA,NA,NA,NA,NA,NA
"VS04","P3","G6","VS04_17","Abies religiosa","3D-335","TCATGAACAG",1,"VS",NA,NA,"VS04_bud","assyntomatic_transcriptomic",NA,NA,NA,"19.285","-99.301",NA,NA,NA,NA,NA,NA,NA,NA,NA,NA,NA,NA,NA,NA,NA,NA,NA,NA,NA,NA,NA,NA,NA,NA,NA,NA
"VS05","P4","F11","VS05_1516","Abies religiosa","3D-374","GGCAATG",2,"VS",NA,NA,"VS05_transcriptomic","assyntomatic_transcriptomic",NA,NA,NA,"19.285","-99.301",NA,NA,NA,NA,NA,NA,NA,NA,NA,NA,NA,NA,NA,NA,NA,NA,NA,NA,NA,NA,NA,NA,NA,NA,NA,NA
"VS05","P2","H2","VS05_16","Abies religiosa","3D-304","GTCAAG",1,"VS",NA,NA,"VS05_oneyear","assyntomatic_transcriptomic",NA,NA,NA,"19.285","-99.301",NA,NA,NA,NA,NA,NA,NA,NA,NA,NA,NA,NA,NA,NA,NA,NA,NA,NA,NA,NA,NA,NA,NA,NA,NA,NA
"VS05","P4","E6","VS05_17","Abies religiosa","3D-333","CATGAG",1,"VS",NA,NA,"VS05_bud","assyntomatic_transcriptomic",NA,NA,NA,"19.285","-99.301",NA,NA,NA,NA,NA,NA,NA,NA,NA,NA,NA,NA,NA,NA,NA,NA,NA,NA,NA,NA,NA,NA,NA,NA,NA,NA
